text,json,json_parsed,is_valid
"КАЛИЙ СЕРНОКИСЛЫЙ ИЗ НЕФЕЛИНОВОГО СЫPЬЯ ТУ 20.15.52-089-05785164-2022, ПРЕДНАЗНАЧЕН ДЛЯ ПРИМЕНЕНИЯ В КАЧЕСТВЕ МИНЕРАЛЬНОГО УДОБРЕНИЯ В СЕЛЬСКОМ ХОЗЯЙСТВЕ, ПОЛУЧАЮТ ИЗ ВЕТВИ ТЕХНОЛОГИЧЕСКОГО ПРОЦЕССА ПРОИЗВОДСТВА СОДОПРОДУКТОВ ИЗ РАСТВОРОВ ГЛИНОЗЕМНОГО ПРОИЗВОДСТВА","{
  ""массовая доля"": [],
  ""прочее"": [
    {
      ""параметр"": ""стандарт"",
      ""значение"": ""null""
    }
  ]
}","{'массовая доля': [], 'прочее': [{'параметр': 'стандарт', 'значение': 'null'}]}",True
"УДОБРЕНИЯ МИНЕРАЛЬНЫЕ ИЛИ ХИМИЧЕСKИЕ, СОДЕРЖАЩИЕ ТРИ ПИТАТЕЛЬНЫХ ЭЛЕМЕНТА: АЗОТ, ФОСФОР, КАЛИЙ. ТУ 20.15.71-142-05015182-2017, УДОБРЕНИЕ АЗОТНО-ФОСФОРНО-КАЛИЙНОЕ МАРКА NPKS-8 (NPK 8:20:30), МАССОВАЯ ДОЛЯ N - 8+/-1%, Р2О5 - 20+/-1%, К2О - 30+/-1%, S - НЕ МЕНЕЕ 2%, ВНЕШНИЙ ВИД: ГРАНУЛИРОВАННЫЙ ПРОДУКТ ОТ БЕЛОГО ДО СЕРОГО ИЛИ РОЗОВОГО ЦВЕТА С РАЗЛИЧНЫМИ ОТТЕНКАМИ, НАСЫПЬ, БЕЗ УПАКОВКИ","{
  ""массовая доля"": [],
  ""прочее"": [
    {
      ""параметр"": ""стандарт"",
      ""значение"": ""null""
    },
    {
      ""параметр"": ""марка"",
      ""значение"": ""NPKS-8""
    }
  ]
}","{'массовая доля': [], 'прочее': [{'параметр': 'стандарт', 'значение': 'null'}, {'параметр': 'марка', 'значение': 'NPKS-8'}]}",True
"СУЛЬФАТ КАЛИЯ, ДЛЯ ТЕХНИЧЕСКОГО ИСПОЛЬЗОВАНИЯ. КРИСТАЛЛИЧЕСКИЙ РАССЫПЧАТЫЙ ПОРОШОК БЕЛОГО ЦВЕТА С ЖЕЛТОBАТЫМ ОТТЕНКОМ, НЕ СОДЕРЖАЩИЙ МЕХАНИЧЕСКИХ ПРИМЕСЕЙ,УПАКОВАННЫЙ В БИГ-БЕГИ ПО 1000 КГ+5%. СОСТАВ: МАССОВАЯ ДОЛЯ КАЛИЯ (К2О)-50.0%,SO4 - 52,5% ХЛОР( CI)-1.0% ГИГРОСКОПИЧЕН. :","{
  ""массовая доля"": [],
  ""прочее"": [
    {
      ""параметр"": ""стандарт"",
      ""значение"": ""null""
    },
    {
      ""параметр"": ""марка"",
      ""значение"": ""null""
    }
  ]
}","{'массовая доля': [], 'прочее': [{'параметр': 'стандарт', 'значение': 'null'}, {'параметр': 'марка', 'значение': 'null'}]}",True
"НИТРОАММОФОСКА (АЗОФОСКА), УДОБРЕНИЕ МИНЕРАЛЬНОЕ , СОДЕРЖАЩЕЕ ТРИ ПИТАТЕЛЬНЫХ ЭЛЕМЕНТА - АЗОТ-20%, ФОСФОР-10%,КАЛИЙ-10%, НАCЫПЬЮ. :","{
  ""массовая доля"": [],
  ""прочее"": []
}","{'массовая доля': [], 'прочее': []}",True
"СУЛЬФАТ АММОНИЯ (КРИСТАЛЛИЧЕСКИЙ ),УДОБРЕНИЕ, ТУ 2181-073-05761695-2016,1035000.00 КГ, 15 Ж/Д ВАГОНОВ НЕ ДЛЯ ВОЕННОГО ПРИМЕНЕНИЯ. :","{
  ""массовая доля"": [],
  ""прочее"": [
    {
      ""параметр"": ""масса нетто единицы"",
      ""масса"": ""1035000.00"",
      ""единица"": ""кг""
    },
    {
      ""параметр"": ""стандарт"",
      ""значение"": ""null""
    }
  ]
}","{'массовая доля': [], 'прочее': [{'параметр': 'масса нетто единицы', 'масса': '1035000.00', 'единица': 'кг'}, {'параметр': 'стандарт', 'значение': 'null'}]}",True
"УДОБРЕНИЯ МИНЕРАЛЬНЫЕ,С СОДЕРЖАНИЕМ АЗОТА БОЛЕЕ 10%МАС.В ПЕРЕСЧЕТЕ НА СУХОЙ БЕЗВОДНЫЙ ПРОДУКТ,СОДЕРЖАЩИЕ ТРИ ПИТАТЕЛЬНЫХ ЭЛЕМЕНТА-АЗОТ,ФОСФОР И КАЛИЙ, НИТРОАММОФОСКА(АЗОФОСКА) МАРКИ NPK 16-16-16 МЕШКИ ПО 50 КГ, С СОДЕРЖАНИЕМ АЗОТА 16%МАС,, ФОСФОРА 16 %МАС.,КАЛИЙ 16%МАC ТУ 20.15.71-031-00206486-2023 :","{
  ""массовая доля"": [],
  ""прочее"": []
}","{'массовая доля': [], 'прочее': []}",True
"НИТРАТ КАЛЬЦИЯ КОНЦЕНТРИРОВАННЫЙ.ГРАНУЛИР-НЫЙ ПРОДУКТ С СОДЕРЖ.МАС.ДОЛИ ОБЩЕГО АЗОТА 17%, АММОНИЙНОГО АЗОТА НЕ БОЛЕЕ 0,5%,КАЛЬЦИЯ НЕ МЕНЕЕ 32%.ПРИМ-СЯ В С/Х,РОЗНИЧНОЙ ПРОДАЖЕ В КАЧЕСТВЕ МИНЕРАЛЬНОГО УДОБРЕНИЯ.ВЕС РЕКВИЗИТА КРЕПЛЕНИЯ 1584 КГ :","{
  ""массовая доля"": [],
  ""прочее"": []
}","{'массовая доля': [], 'прочее': []}",True
"НИТРАТ КАЛЬЦИЯ ГРАHУЛИРОВАННЫЙ 2-ВОДНЫЙ МАРКА А, 5CA(NO3)2XNH4NO3X10H2O,ТОВАРНЫЙ ЗНАК ""БУЙСКИЕ УДОБРЕНИЯ"", ТУ 2181-073-32496445-2013. НАИМЕНОВАНИЕ ПОКАЗАТЕЛЕЙ:МАС.ДОЛЯ КАЛЬЦИЯ,CA,%,НЕ МЕНЕЕ- 19.7; НИТРАТ.,N,%,НЕ МЕНЕЕ- 14.2; МАС.ДОЛЯ НЕРАСТВ. В ВОДЕ ОСТАТКА,%, НЕ БОЛЕЕ- 0.03 - 20000 КГ (1000 П/Э МЕШ. ПО 20 КГ, ВЕС П/Э МЕШ.- 100 КГ), УЛОЖЕННЫЕ НА 20 ПОДДОНОВ, ЗАТЯНУТЫЕ СТРЕЙЧ- ПЛЁНКОЙ, ВЕСОМ 540 КГ, ГРАНУЛЫ ПОЛУСФЕРИЧЕСКОЙ ФОРМЫ БЕЛОГО ЦВЕТА, ПРИМЕНЯЕТСЯ КАК АЗОТНОКАЛЬЦИЕВОЕ УДОБРЕНИЕ.","{
  ""массовая доля"": [],
  ""прочее"": [
    {
      ""параметр"": ""стандарт"",
      ""значение"": ""null""
    }
  ]
}","{'массовая доля': [], 'прочее': [{'параметр': 'стандарт', 'значение': 'null'}]}",True
"УДОБРЕНИЕ МИНЕРАЛЬНОЕ NP(S) 20:20(14), АЗОТНО-ФОСФОРНОЕ, СЕРОСОДЕРЖАЩЕЕ. МАССОВАЯ ДОЛЯ ОБЩЕГО АЗОТА - 20+/-1%; МАССОВАЯ ДОЛЯ ФОСФАТОВ (P2O5), РАСТВОРИМЫX В РАСТВОРЕ ЦИТРАТА АММОНИЯ - 20+/-1%; МАССОВАЯ ДОЛЯ СУЛЬФАТНОЙ СЕРЫ В ПЕРЕСЧЕТЕ НА S - 14+/-1%. 1%. :","{
  ""массовая доля"": [],
  ""прочее"": [
    {
      ""параметр"": ""стандарт"",
      ""значение"": ""null""
    }
  ]
}","{'массовая доля': [], 'прочее': [{'параметр': 'стандарт', 'значение': 'null'}]}",True
"СМЕШАННОЕ МИНЕРАЛЬНОЕ УДОБРЕНИЕ FERTIM (N7-P20-K30-S3-MG-CA) - 69 ТН. ПРЕДНАЗНАЧЕНО ДЛЯ ПРИМЕНЕНИЯ В СЕЛЬСКОМ ХОЗЯЙСТВЕ,В ТОМ ЧИСЛЕ В ФЕРМЕРСКИХ И ЛИЧНЫХ ПОДСОБНЫХ ХОЗЯЙСТВАХ В КАЧЕСТВЕ КОМПЛЕКСНЫХ МИНЕРАЛЬНЫХ УДОБРЕНИЙ. ОБЛАСТЬ ПРИМЕНЕНИЯ - РАСТЕНИ ЕВОДСТВО. СОСТАВ: - МАССОВАЯ ДОЛЯ ОБЩЕГО АЗОТА, % - 7; - МАССОВАЯ ДОЛЯ ФОСФОРА В ПЕРЕСЧЕТЕ НА Р2О5, % - 20; - МАССОВАЯ ДОЛЯ КАЛИЯ В ПЕРЕСЧЕТЕ НА К2О, % - 30; - МАССОВАЯ ДОЛЯ СЕРЫ, % - 3. :","{
  ""массовая доля"": [],
  ""прочее"": [
    {
      ""параметр"": ""масса нетто единицы"",
      ""масса"": ""69"",
      ""единица"": ""т""
    }
  ]
}","{'массовая доля': [], 'прочее': [{'параметр': 'масса нетто единицы', 'масса': '69', 'единица': 'т'}]}",True
"УДОБРЕНИЕ АЗОТНО-ФОСФОРНО-КАЛИЙНОЕ NPKS-8 (NPK 8:20:30) НАСЫПЬ, БЕЗ МИКРОЭЛЕМЕНТОВ, ГРАНУЛИРОВАНHОЕ. ПОКАЗАТЕЛИ: ВНЕШНИЙ ВИД СООТВЕТСТВУЕТ, МАССОВАЯ ДОЛЯ ОБЩЕГО АЗОТА (N ОБЩ) - 7.4%, МАССОВАЯ ДОЛЯ ОБЩИХ ФОСФАТОВ В ПЕРЕСЧЕТЕ НА Р2О5 - 19.7%, МАССОВАЯ ДОЛЯ КАЛИЯ В ПЕРЕСЧЕТЕ НА К2О - 29.8%, МАССОВАЯ ДОЛЯ ВОДЫ, %, НЕ БОЛЕЕ - 1.2%, МАССОВАЯ ДОЛЯ СУЛЬФАТНОЙ СЕРЫ В ПЕРЕСЧЕТЕ НА S,%, НЕ МЕНЕЕ - 3.2%, ГРАНУЛОМЕТРИЧЕСКИЙ СОСТАВ.МАССОВАЯ ДОЛЯ ЧАСТИЦ РАЗМЕРОМ:МЕНЕЕ 1 ММ - 0%, ОТ 1 ДО 5 ММ - 100%, МЕНЕЕ 6 ММ - 100%, МАССОВАЯ ДОЛЯ ПРИМЕСЕЙ ТОКСИЧНЫХ ЭЛЕМЕНТОВ, В ТОМ ЧИСЛЕ РТУТИ, СВИНЦА, МЫШЬЯКА, КАДМИЯ, МГ/КГ - СООТВЕТСТВУЕТ, СТАТИЧЕСКАЯ ПРОЧНОСТЬ ГРАНУЛ, МПА, НЕ МЕНЕЕ - 5.5 МПА, РАССЫПЧАТОСТЬ - 100%","{
  ""массовая доля"": [],
  ""прочее"": [
    {
      ""параметр"": ""марка"",
      ""значение"": ""null""
    }
  ]
}","{'массовая доля': [], 'прочее': [{'параметр': 'марка', 'значение': 'null'}]}",True
"СЕЛИТРА ИЗВЕСТКОВО-АММИАЧНАЯ ГРАНУЛИРОВАННАЯ.МИНЕР.УДОБРЕНИЕ,ДВУХКОМПОНЕНТНЫЙ ПРОДУKТ БЕЛОГО ЦВЕТА С СОД.МАСС. ДОЛИ АЗОТА В СУХОМ ВЕЩЕСТВЕ НЕ БОЛЕЕ 27%, МАС.ДОЛИ УГЛЕКИСЛОГО КАЛЬЦИЯ НЕ МЕНЕЕ 20%,КОТ.ЯВЛЯЕТСЯ РАСКИСЛИТЕЛЕМ И НЕ ЯВЛ.УДОБРЕНИЕМ :","{
  ""массовая доля"": [],
  ""прочее"": []
}","{'массовая доля': [], 'прочее': []}",True
"НИТРАТ НАТРИЯ (НАТРИЙ АЗОТНОКИСЛЫЙ ТЕХНИЧЕСКИЙ, НАТРИЕВАЯ СЕЛИТРА);СОДЕРЖАНИЕ АЗОТА 16,4%;ПРИМЕНЯЕТСЯ ДЛЯ ТРАВЛЕНИЯ МЕТАЛЛОВ, СПЛАВЛЕНИЯ КУСКОВЫХ ОТХОДОВ ВОЛЬФРАМА, ОСВЕТЛЕНИЯ ТЕХНИЧЕСКИХ СТЕКОЛ;УПАКОВКА: 25-КГ МЕШКИ,РАСПОЛОЖЕННЫЕ НА ДЕРЕВЯННЫХ ПО ДДОНАХ, НА КАЖДОМ ПОДДОНЕ ПО 40 МЕШКОВ. :","{
  ""массовая доля"": [],
  ""прочее"": [
    {
      ""параметр"": ""стандарт"",
      ""значение"": ""null""
    }
  ]
}","{'массовая доля': [], 'прочее': [{'параметр': 'стандарт', 'значение': 'null'}]}",True
"СМЕСЬ НИТРАТА АММОНИЯ С КАРБОНАТОМ КАЛЬЦИЯ И ПРOЧИМИ НЕОРГАНИЧЕСКИМИ ВЕЩЕСТВАМИ НЕ ЯВЛЯЮЩИМИСЯ УДОБРЕНИЯМИ С СОДЕРЖАНИЕМ АЗОТА НЕ БОЛЕЕ 28 МАС.% (УДОБРЕНИЕ АЗОТНО-ИЗВЕСТНЯКОВОЕ С СОДЕРЖАНИЕМ АЗОТА %- 27+/- 0,5%). :","{
  ""массовая доля"": [],
  ""прочее"": [
    {
      ""параметр"": ""стандарт"",
      ""значение"": ""null""
    }
  ]
}","{'массовая доля': [], 'прочее': [{'параметр': 'стандарт', 'значение': 'null'}]}",True
"ЖИДКОЕ KОМПЛЕКСНОЕ УДОБРЕНИЕ 11:37 (РАСТВОР ПОЛИФОСФАТА АММОНИЯ), СОДЕРЖАЩЕЕ АЗОТ И ФОСФОР. МАССОВАЯ ДОЛЯ АММОНИЙНОГО АЗОТА (N) - НЕ МЕНЕЕ 11%; МАССОВАЯ ДОЛЯ ОБЩИХ ФОСФАТОВ (P2O5) - НЕ МЕНЕЕ 37%.. :","{
  ""массовая доля"": [],
  ""прочее"": []
}","{'массовая доля': [], 'прочее': []}",True
"АЗОФОСКА.СЛОЖНОЕ АЗОТНО-ФОСФОРНО-КАЛИЙНОЕ УДОБРЕНИЕ.ГРАНУЛИРОВАННЫЙ ПРОДУКТ БЕЗ МЕХАНИЧ.ПРИМЕСЕЙ С СОДЕРЖАНИЕМ МАССОВОЙ ДОЛИ АЗОТА 27%,ФОСФОРА НЕ МЕНЕЕ 6%,КАЛИЯ НЕ МЕНЕЕ 6%,СУЛЬФАТОВ НЕ МЕНЕЕ 2%.. :","{
  ""массовая доля"": [],
  ""прочее"": []
}","{'массовая доля': [], 'прочее': []}",True
"СУЛЬФАТ АММОНИЯ ГPАНУЛИРОВАННЫЙ СОДЕРЖАЩИЙ 21 МАС.% АЗОТА В ПЕРЕСЧЕТЕ НА  СУХОЙ ПРОДУКТ.  ПРЕДНАЗНАЧЕН ДЛЯ ИСПОЛЬЗОВАНИЯ В СЕЛЬСКОМ ХОЗЯЙСТВЕ, В ТОМ ЧИСЛЕ В ЛИЧНЫХ ПОДСОБНЫХ ХОЗЯЙСТВАХ И ФЕРМЕРСКИХ ХОЗЯЙСТВАХ В КАЧЕСТВЕ МИНЕРАЛЬНОГО УДОБРЕНИЯ. ТУ 2181-060-00205311-2014. :","{
  ""массовая доля"": [],
  ""прочее"": [
    {
      ""параметр"": ""стандарт"",
      ""значение"": ""null""
    }
  ]
}","{'массовая доля': [], 'прочее': [{'параметр': 'стандарт', 'значение': 'null'}]}",True
"УДОБРЕНИЯ МИНЕРАЛЬНЫЕ КАЛИЙНЫЕ, КАЛИЙ СЕРНОКИСЛЫЙ ОЧИЩЕННЫЙ (СУЛЬФАТ КАЛИЯ), K2SO4, ТОВАРНЫЙ ЗНАК ""БУЙСКИЕ УДОБРЕНИЯ"", ТУ 2184-037-32496445-02, СМ.ДОПОЛНЕНИЕ. НАИМЕНОВАНИЕ ПОКАЗАТЕЛЕЙ: МАС. ДОЛЯ СОЛЕЙ КАЛИЯ В ПЕРЕСЧЕТЕ НА K2O,%, НЕ МЕНЕЕ- 53.3, 53.1; МАС. ДОЛЯ НЕРАСТВ. В ВОДЕ ОСТАТКА,%, НЕ БОЛЕЕ- 0.05; МАС. ДОЛЯ ВОДЫ,%, НЕ БОЛЕЕ- 0.1, 0.09 - 20000 КГ (1000 П/Э МЕШ. ПО 20 КГ, ВЕС П/Э МЕШ.- 100 КГ), УЛОЖЕННЫЕ НА 20 ПОДДОНОВ, ЗАТЯНУТЫЕ СТРЕЙЧ-ПЛЁНКОЙ, ВЕСОМ 340 КГ, КРИСТАЛЛИЧЕСКИЙ ПОРОШОК БЕЛОГО ЦВЕТА, ПРИМЕНЯЕТСЯ КАК КАЛИЙНОЕ УДОБРЕНИЕ.","{
  ""массовая доля"": [],
  ""прочее"": [
    {
      ""параметр"": ""стандарт"",
      ""значение"": ""null""
    }
  ]
}","{'массовая доля': [], 'прочее': [{'параметр': 'стандарт', 'значение': 'null'}]}",True
"СУЛЬФАТ КАЛИЯ, ДЛЯ ТЕХНИЧЕСКОГО ИСПОЛЬЗОВАНИЯ. КРИСТАЛЛИЧЕСКИЙ РАССЫПЧАТЫЙ ПОРОШОК БЕЛОГО ЦВЕТА С ЖЕЛТОВАТЫМ ОТТЕНКОМ, НЕ СОДЕРЖАЩИЙ МЕХАНИЧЕСКИХ ПРИМЕСЕЙ,УПАКОВАННЫЙ В БИГ-БЕГИ ПО 1000 КГ+5%, ОБЩИЙ ВЕС БРУТТО С ПАЛЛЕТАМИ 20980 КГ. СОСТАВ: МАССОВАЯДО ДОЛЯ КАЛИЯ (К2О)-50.0%,SO4 - 51,0% ХЛОР(CI)-1.0%, ГИГРОСКОПИЧЕН. :","{
  ""массовая доля"": [],
  ""прочее"": [
    {
      ""параметр"": ""стандарт"",
      ""значение"": ""null""
    }
  ]
}","{'массовая доля': [], 'прочее': [{'параметр': 'стандарт', 'значение': 'null'}]}",True
"УДОБРЕНИЕ АЗОТНОЕ СЕРОСОДЕРЖАЩЕЕ ( СУЛЬФАТ- НИТРАТ АММОНИЯ) ГРАНУЛИРОВАННОЕ , СОДЕРЖАЩЕЕ 26%  MАС. АЗОТА В ПЕРЕСЧЕТЕ НА СУХОЙ ПРОДУКТ  И  13%  СЕРЫ,  МАРКА N:S (26:13) ТУ 20.15.39-065-00205311-2016.. :","{
  ""массовая доля"": [],
  ""прочее"": [
    {
      ""параметр"": ""стандарт"",
      ""значение"": ""null""
    },
    {
      ""параметр"": ""марка"",
      ""значение"": ""null""
    }
  ]
}","{'массовая доля': [], 'прочее': [{'параметр': 'стандарт', 'значение': 'null'}, {'параметр': 'марка', 'значение': 'null'}]}",True
"НИТРОАММОФОСКА УЛУЧШЕННОГО ГРАНУЛОМЕТРИЧЕСКОГО СОСТАВА. СЛОЖНОЕ НЕОРГАНИЧЕСКОЕ АЗОТНО-ФОСФОРНО(ФОСФАТНО)-КАЛИЙНОЕ УДОБРЕНИЕ, ПРЕДНАЗНАЧЕННОЕ ДЛЯ ПРИМЕНЕНИЯ В КАЧЕСТВЕ МИНЕРАЛЬНОГО УДОБРЕНИЯ В СЕЛЬСКОМ И ЛИЧНОМ ПОДСОБНОМ ХОЗЯЙСТВАХ. МАССОВАЯ ДОЛЯ, НЕ МЕНЕЕ: ОБЩЕГО АЗОТА - 16%; ОБЩИХ ФОСФАТОВ - 16%; КАЛИЯ В ПЕРЕСЧЁТЕ НА К2О - 16%.","{
  ""массовая доля"": [],
  ""прочее"": []
}","{'массовая доля': [], 'прочее': []}",True
"MИНЕРАЛЬНОЕ УДОБРЕНИЕ ТУКОСМЕСЬ ""FOSAMOFERT"" СОДЕРЖАЩИЕ ДВА ПИТАТЕЛЬНЫХ ЭЛЕМЕНТА ФОСФОР И АЗОТ, ГРАНУЛИРОВАННОЕ,В 22 БИГ-БЭГАХ, МИНЕРАЛЬНОЕ УДОБРЕНИЕ ТУКОСМЕСЬ ""FOSAMOFERT"" СОДЕРЖАЩИЕ ДВА ПИТАТЕЛЬНЫХ ЭЛЕМЕНТА ФОСФОР И АЗОТ, ГРАНУЛИРОВАННОЕ,В 22 БИГ-БЭГАХ","{
  ""массовая доля"": [],
  ""прочее"": []
}","{'массовая доля': [], 'прочее': []}",True
МОНОКАЛИЙФОСФАТ АГРОХИМИКАТ УПАКОВАНО В 1100 МЕШКОВ ПО 25 КГ НА 22 ДЕРЕВЯННЫХ ПОДДОНАХ. ВЕС ПОДДОНОВ 572 КГ.. МОНОКАЛИЙФОСФАТ АГРОХИМИКАТ,"{
  ""массовая доля"": [],
  ""прочее"": [
    {
      ""параметр"": ""стандарт"",
      ""значение"": ""null""
    }
  ]
}","{'массовая доля': [], 'прочее': [{'параметр': 'стандарт', 'значение': 'null'}]}",True
"УДОБРЕНИЕ СЛОЖНОЕ АЗОТНО-ФОСФОРНОЕ СЕРОСОДЕРЖАЩЕЕ. МАССОВАЯ ДОЛЯ ОБЩЕГО АЗОТА В ВИДЕ НЕ НИТРАТНЫХ СОЛЕЙ АММОНИЯ 20+/-1 %, МАССОВАЯ ДОЛЯ ОБЩИХ ФОСФАТОВ 20+/-1%, МАССОВАЯ ДОЛЯ СУЛЬФАТОВ В ПЕРЕСЧЕТЕ НА СЕРУ, 14+/-1%. ПРЕДНАЗНАЧАЕТСЯ ДЛЯ ПРИМЕНЕНИЯ НА РАЗЛИЧНЫХ ПОЧВАХ ПОД ВСЕ КУЛЬТУРЫ В СЕЛЬСКОМ ХОЗЯЙСТВЕ. ИЗГОТАВЛИВАЕТСЯ НЕЙТРАЛИЗАЦИЕЙ СМЕСИ ФОСФОРНОЙ И СЕРНОЙ КИСЛОТ АММИАКОМ, С ПОСЛЕДУЮЩЕЙ ГРАНУЛЯЦИЕЙ, СУШКОЙ И КЛАССИФИКАЦИЕЙ. ПОСТАВЛЯЕТСЯ НАСЫПЬЮ В ТРЮМАХ МОРСКОГО СУДНА.","{
  ""массовая доля"": [],
  ""прочее"": []
}","{'массовая доля': [], 'прочее': []}",True
"УДОБРЕНИЯ МИНЕРАЛЬНЫЕ ИЛИ ХИМИЧЕСКИЕ, СОДЕРЖАЩИЕ TРИ ПИТАТЕЛЬНЫХ ЭЛЕМЕНТА: АЗОТ, ФОСФОР, КАЛИЙ, С СОДЕРЖАНИЕМ АЗОТА БОЛЕЕ 10 МАС.% АЗОТА В ПЕРЕСЧЕТЕ НА СУХОЙ БЕЗВОДНЫЙ ПРОДУКТ. УДОБРЕНИЕ КОМПЛЕКСНОЕ ВОДОРАСТВОРИМОЕ МАРКА УНИВЕРСАЛ 19:19:19+МЭ, МАССОВАЯ ДОЛЯ N-19+/-2%, Р2О5-19+/-2%, К2О-19+/-2%, МИКРОЭЛЕМЕНТЫ (МЭ): B-НЕ МЕНЕЕ 0,02%, CU-НЕ МЕНЕЕ 0,01%, FE-НЕ МЕНЕЕ 0,1%, MN-НЕ МЕНЕЕ 0,05%, MO-НЕ МЕНЕЕ 0,01%, ZN-НЕ МЕНЕЕ 0,01%, ВНЕШНИЙ ВИД: СМЕСЬ ПОРОШКА С ГРАНУЛАМИ, РАСФАСОВАНО В МЕШКАХ ПО 25 КГ. МЕШКИ УЛОЖЕНЫ НА ПОДДОНЫ ПО 40 МЕШКОВ НА 1 ПОДДОН И ОБМОТАНЫ ПЛЕНКОЙ, КОЛИЧЕСТВО - 3840 МЕШКОВ НА 96 ПОДДОНАХ","{
  ""массовая доля"": [],
  ""прочее"": [
    {
      ""параметр"": ""марка"",
      ""значение"": ""null""
    }
  ]
}","{'массовая доля': [], 'прочее': [{'параметр': 'марка', 'значение': 'null'}]}",True
АГРОХИМИКАТ СУЛЬФАТ КАЛИЯ. МАССОВАЯ ДОЛЯ КАЛИЯ В ПЕРЕСЧEТЕ НА К2О - 52+/-1 %. УПАКОВАНО В 200 МЕШКОВ ПО 25 КГ НА 5 ПОДДОНАХ. ВЕС ПОДДОНОВ 130 КГ.. АГРОХИМИКАТ СУЛЬФАТ КАЛИЯ,"{
  ""массовая доля"": [],
  ""прочее"": [
    {
      ""параметр"": ""масса нетто единицы"",
      ""масса"": 130,
      ""единица"": ""кг""
    },
    {
      ""параметр"": ""стандарт"",
      ""значение"": ""null""
    }
  ]
}","{'массовая доля': [], 'прочее': [{'параметр': 'масса нетто единицы', 'масса': 130, 'единица': 'кг'}, {'параметр': 'стандарт', 'значение': 'null'}]}",True
"СУЛЬФАТ АММОHИЯ КОМПАКТИРОВАННЫЙ (УДОБРЕНИЕ), ТУ 2181-073-05761695-2016, 22000.00 КГ. НЕ ДЛЯ ВОЕННОГО ПРИМЕНЕНИЯ. :","{
  ""массовая доля"": [],
  ""прочее"": [
    {
      ""параметр"": ""масса нетто единицы"",
      ""масса"": ""22000.00"",
      ""единица"": ""КГ""
    },
    {
      ""параметр"": ""стандарт"",
      ""значение"": ""null""
    }
  ]
}","{'массовая доля': [], 'прочее': [{'параметр': 'масса нетто единицы', 'масса': '22000.00', 'единица': 'КГ'}, {'параметр': 'стандарт', 'значение': 'null'}]}",True
"АММОНИЙ КАЛЬЦИЙ НИТРАТ (ДВОЙНЫЕ СОЛИ И СМЕСИ НИТРАТА КАЛЬЦИЯ И НИТРАТА АММОНИЯ),АГРОХИМИКАТ, МАССОВАЯ ДОЛЯ ОБЩЕГО АЗОТА 15.5%, В МЕШКAХ ПО 25 КГ, УЛОЖЕННЫЕ НА ПОДДОНЫ ,ЗАКРЕПЛЕННЫЕ СВЕРХУ ТЕРМОУСАДОЧНОЙ ПЛЕНКОЙ . :","{
  ""массовая доля"": [],
  ""прочее"": [
    {
      ""параметр"": ""стандарт"",
      ""значение"": ""null""
    }
  ]
}","{'массовая доля': [], 'прочее': [{'параметр': 'стандарт', 'значение': 'null'}]}",True
"УДОБРЕНИЕ МИНЕРАЛЬНОЕ ГРАНУЛИРОВАННОЕ NPK 3:20:30,СОДЕРЖАЩЕЕ ТРИ ПИТАТЕЛЬНЫХ ЭЛЕММЕНТА АЗОТ-3%,ФОСФОР-20%,КАЛИЙ-30%,В 390 БИГ-БЭГАХ, УДОБРЕНИЕ МИНЕРАЛЬНОЕ ГРАНУЛИРОВАННОЕ NPK 3:20:30, СОДЕРЖАЩЕЕ ТРИ ПИТАТЕЛЬНЫХ ЭЛЕММЕНТА АЗОТ-3%, ФОСФОР-20%, КАЛИЙ-30%, В 390 БИГ-БЭГАХ","{
  ""массовая доля"": [],
  ""прочее"": []
}","{'массовая доля': [], 'прочее': []}",True
"АЗОТОФОСФАТ МАРКА 33:3. СЛОЖНОЕ АЗОТHО-ФОСФОРНОЕ МИН.УДОБРЕНИЕ.ГРАНУЛИР.ПРОДУКТ БЕЗ МЕХ. ПРИМЕСЕЙ С СОД.МАССОВОЙ ДОЛИ АЗОТА 33% В ПЕРЕСЧЕТЕ НА СУХОЙ БЕЗВОДНЫЙ ПРОДУКТ,ФОСФАТОВ НЕ МЕНЕЕ 3%.. :","{
  ""массовая доля"": [],
  ""прочее"": [
    {
      ""параметр"": ""стандарт"",
      ""значение"": ""null""
    },
    {
      ""параметр"": ""марка"",
      ""значение"": ""33:3""
    }
  ]
}","{'массовая доля': [], 'прочее': [{'параметр': 'стандарт', 'значение': 'null'}, {'параметр': 'марка', 'значение': '33:3'}]}",True
"НИТРАТ КАЛЬЦИЯ КОНЦЕНТР:ГРАНУЛ.ПРОДУКТ БЕЛОГО ЦВЕТА С СОДЕРЖ:МАС:ДОЛИ ОБЩЕГО АЗОТА 17%,АММОНИЙН:АЗОТА НЕ БОЛ:0,5%,КАЛЬЦИЯ НЕ МЕН.32%:ПРИМ-СЯ В С/Х, РОЗН.ПРОДАЖЕ В КАЧ-ВЕ МИНЕРАЛЬНОГО УДОБРЕНИЯ.. :","{
  ""массовая доля"": [],
  ""прочее"": [
    {
      ""параметр"": ""стандарт"",
      ""значение"": ""null""
    }
  ]
}","{'массовая доля': [], 'прочее': [{'параметр': 'стандарт', 'значение': 'null'}]}",True
"УДОБРЕНИЕ АЗОТНО-ФОСФОРНО-КАЛИЙНОЕ (NPK-УДОБРЕНИЕ). УДОБРЕНИЕ АЗОТНО-ФОСФОРНО-КАЛИЙНОЕ (NPK-УДОБРЕНИЕ), ПРЕДНАЗНАЧЕННОЕ ДЛЯ ПРИМЕНЕНИЯ В СЕЛЬСКОМ И ЛИЧНОМ ПОДСОБНОМ ХОЗЯЙСТВАХ. МАССОВАЯ ДОЛЯ, НЕ МЕНЕЕ: ОБЩЕГО АЗОТА - 17%; ОБЩИХ ФОСФАТОВ В ПЕРЕСЧЁТЕ НА Р2О5 - 17%; КАЛИЯ В ПЕРЕСЧЁТЕ НА К2О - 17%.","{
  ""массовая доля"": [],
  ""прочее"": [
    {
      ""параметр"": ""стандарт"",
      ""значение"": ""null""
    }
  ]
}","{'массовая доля': [], 'прочее': [{'параметр': 'стандарт', 'значение': 'null'}]}",True
"СУЛЬФАТ КАЛИЯ (КАЛИЙ СЕРНОКИСЛЫЙ ТЕХНИЧЕСКИЙ). ПРЕДСТАВЛЯЕТ СОБОЙ ПОРОШОК СО СПЕЦИФИЧЕСКИМ ЗАПАХОМ. МАССОВАЯ ДОЛЯ КАЛИЯ В ПЕРЕСЧЕТЕ НА К2О -50.0%((253036 КГ K2O); МАССОВАЯ ДОЛЯ СОЕДИНЕНИЙ СЕРЫ В ПЕРЕСЧЕТЕ SO4 -51%; МАССОВАЯ ДОЛЯ ХЛОРИДОВ ВПЕРЕСЧЕТЕ ПЕРЕСЧЕТЕ НА CL - 1,0% МАССОВАЯ ДОЛЯ. ВЛАГИ - 1.0%. ПРИМЕНЯЕТСЯ В ПРОМЫШЛЕННОСТИ ДЛЯ ПРОИЗВОДСТВА КВАСЦОВ СТЕКЛА, В КАЧЕСТВЕ ДОБАВКИ В МЕТАЛЛУРГИИ, В СЕЛЬСКОМ ХОЗЯЙСТВЕ. ТУ 2184-005-89828654-2015; ПОСТАВЛЯЕТСЯ В БИГ-БЭГАХ 1000 КГ +/-5% :","{
  ""массовая доля"": [],
  ""прочее"": [
    {
      ""параметр"": ""стандарт"",
      ""значение"": ""ТУ 2184-005-89828654-2015""
    }
  ]
}","{'массовая доля': [], 'прочее': [{'параметр': 'стандарт', 'значение': 'ТУ 2184-005-89828654-2015'}]}",True
"УДОБPЕНИЕ СМЕШАННОЕ СУХОЕ,СОДЕРЖАЩЕЕ ТРИ ПИТАТЕЛЬНЫХ ЭЛЕМЕНТА - АЗОТ-31%, ФОСФОР-3%,КАЛИЙ-3%,НАСЫПЬЮ. :","{
  ""массовая доля"": [],
  ""прочее"": []
}","{'массовая доля': [], 'прочее': []}",True
"УДОБРЕНИЯ МИНЕРАЛЬНЫЕ ИЛИ ХИМИЧЕСКИЕ, СОДЕРЖАЩИЕ ДВА ПИТАТЕЛЬНЫХ ЭЛЕМЕНТА: ФОСФОР И КАЛИЙ. МОНОКАЛИЙФОСФАТ (ФОСФОРНО-КАЛИЙНОЕ УДОБРЕНИЕ), МАССОВАЯ ДОЛЯ ОБЩИХ ФОСФАТОВ В ПЕРЕСЧЕТЕ НА Р2О5 - 52+/-1%, МАССОВАЯ ДОЛЯ КАЛИЯ В ПЕРЕСЧЕТЕ НА К2О - 34+/-1%, ВНЕШНИЙ ВИД: МЕЛКОКРИСТАЛЛИЧЕСКИЙ ПОРОШОК, РАСФАСОВАНО В МЕШКАХ ПО 25 КГ, МЕШКИ УЛОЖЕНЫ НА ПОДДОНЫ ПО 40 МЕШКОВ НА 1 ПОДДОН И ОБМОТАНЫ ПЛЕНКОЙ, КОЛИЧЕСТВО - 480 МЕШКОВ НА 12 ПОДДОНАХ","{
  ""массовая доля"": [],
  ""прочее"": [
    {
      ""параметр"": ""количество мешков"",
      ""количество"": 480,
      ""единица"": ""мешков""
    },
    {
      ""параметр"": ""марка"",
      ""значение"": ""null""
    }
  ]
}","{'массовая доля': [], 'прочее': [{'параметр': 'количество мешков', 'количество': 480, 'единица': 'мешков'}, {'параметр': 'марка', 'значение': 'null'}]}",True
"СМЕСЬ СОЛЕЙ АMМОНИЙНО-ФОСФАТНАЯ МАРКА 19:55. СЫРЬЕ ДЛЯ ПРОМЫШЛЕННОСТИ. УПАКОВАНО В 66 БИГ-БЕГОВ ПО 919,5 КГ НА 66 ДЕРЕВЯННЫХ ПОДДОНАХ. ВЕС ПОДДОНОВ - 1386 КГ.. СМЕСЬ СОЛЕЙ АММОНИЙНО-ФОСФАТНАЯ МАРКА 19:55. СЫРЬЕ ДЛЯ ПРОМЫШЛЕННОСТИ.","{
  ""массовая доля"": [],
  ""прочее"": []
}","{'массовая доля': [], 'прочее': []}",True
"СУЛЬФАТ АММОНИЯ КРИСТАЛЛИЧЕСКИЙ (УДОБРЕНИЕ), ТУ 2181-073-05761695-2016, 22000.00.КГ НЕ ДЛЯ BОЕННОГО ПРИМЕНЕНИЯ. :","{
  ""массовая доля"": [],
  ""прочее"": [
    {
      ""параметр"": ""стандарт"",
      ""значение"": ""null""
    }
  ]
}","{'массовая доля': [], 'прочее': [{'параметр': 'стандарт', 'значение': 'null'}]}",True
"СУЛЬФАТ АММОНИЯ МАРКИ: ГРАНУЛИРОВАННЫЙ / МАССОВАЯ ДОЛЯ АЗОТА -20,5 +/- 0,5% ТУ-2181-694-00209438-2015, НИТРАТЫ ОТСУТСТВУЮТ.. :","{
  ""массовая доля"": [],
  ""прочее"": [
    {
      ""параметр"": ""стандарт"",
      ""значение"": ""null""
    },
    {
      ""параметр"": ""марка"",
      ""значение"": ""null""
    }
  ]
}","{'массовая доля': [], 'прочее': [{'параметр': 'стандарт', 'значение': 'null'}, {'параметр': 'марка', 'значение': 'null'}]}",True
"NPK-КОМПЛЕКС. УДОБРЕНИЕ МИНЕРАЛЬНОЕ СЛОЖНОСМЕШАННОЕ (ТУКОСМЕСЬ). МАРКА NPK(S) 13:0:44(1)+1MGO. УДОБРЕНИЕ КОМПЛЕКСНОЕ ВОДОРАСТВОРИМОЕ, ПОЛУЧАЮТ МЕТОДОМ МЕХАНИЧЕСКОГО СМЕШИВАНИЯ ГОТОВЫХ ФОРМ МИНЕРАЛЬНЫХ УДОБРЕНИЙ: СЕЛИТРЫ КАЛИЕВОЙ ТЕХHИЧЕСКОЙ МАРКИ СХ С СУЛЬФАТОМ МАГНИЯ ВОДОРАСТВОРИМЫМ. ХИМИМЕСКАЯ ФОРМУЛА: СМЕСЬ KNO3 C MGSO4. ВНЕШНИЙ ВИД: СМЕСЬ БЕЛЫХ КРИСТАЛЛОВ С ЖЕЛТОВАТО-СЕРОВАТЫМ ОТТЕНКОМ. ПРИМЕНЯЕТСЯ В КАЧЕСТВЕ ВОДОРАСТВОРИМОГО КОМПЛЕКСНОГО БЕСХЛОРНОГО МИНЕРАЛЬНОГО УДОБРЕНИЯ ДЛЯ ВНЕСЕНИЯ ПОД Р АЗЛИЧНЫЕ СЕЛЬСКОХОЗЯЙСТВЕННЫЕ КУЛЬТУРЫ. РАСФАСОВАНО В МЕШКАХ ПО 25 КГ, МЕШКИ УЛОЖЕНЫ НА ДЕРЕВЯННЫЕ ПОДДОНЫ ПО 40 МЕШКОВ НА ОДИН ПОДДОН И ОБМОТАНЫ ПЛЕНКОЙ. КОЛИЧЕСТВО 632 МЕШКА НА 16 ПОДДОНАХ. :","{
  ""массовая доля"": [],
  ""прочее"": [
    {
      ""параметр"": ""марка"",
      ""значение"": ""NPK(S) 13:0:44(1)+1MGO""
    }
  ]
}","{'массовая доля': [], 'прочее': [{'параметр': 'марка', 'значение': 'NPK(S) 13:0:44(1)+1MGO'}]}",True
"АГРОХИМИКАТ СУЛЬФОАММОФОС. МАССОВАЯ ДОЛЯ АЗОТА - 16+/-1%, УСВОЯЕМЫХ ФОСФАТОВ, B ПЕРЕРАСЧЕТЕ НА Р2О5 - 20+/-1%, СЕРЫ - 12+/-1 %. УПАКОВАНО В 20 БИГ-БЕГОВ ПО 1000 КГ.. АГРОХИМИКАТ СУЛЬФОАММОФОС","{
  ""массовая доля"": [],
  ""прочее"": [
    {
      ""параметр"": ""масса нетто единицы"",
      ""масса"": 20,
      ""единица"": ""шт""
    },
    {
      ""параметр"": ""стандарт"",
      ""значение"": ""null""
    }
  ]
}","{'массовая доля': [], 'прочее': [{'параметр': 'масса нетто единицы', 'масса': 20, 'единица': 'шт'}, {'параметр': 'стандарт', 'значение': 'null'}]}",True
"УДОБРЕНИЯ МИНЕРАЛЬНЫЕ,С СОДЕРЖАНИЕМ АЗОТА БОЛЕЕ 10%МАС.В ПЕРЕСЧЕТЕ НА СУХОЙ БЕЗВОДНЫЙ ПРОДУКТ,СОДЕРЖАЩИЕ ТРИ ПИТАТЕЛЬНЫХ ЭЛЕМЕНТА-АЗОТ,ФОСФОР И КАЛИЙ, НИТРОАММОФОСКА(АЗОФОСКА) МАРКИ NPK 16-16-16 С БОРОМ НАВАЛОМ, С СОДЕРЖАНИЕМ АЗОТА 16%МАС., ФОСФОРА 1 6%МАС.,КАЛИЙ 16%МАC+В ТУ 20.15.71-030-00206486-2009 :","{
  ""массовая доля"": [],
  ""прочее"": []
}","{'массовая доля': [], 'прочее': []}",True
"УДОБРЕНИЯ МИНЕРАЛЬНЫЕ КАЛИЙ СЕРНОКИСЛЫЙ (СУЛЬФАТ КАЛИЯ) СОДЕРЖАНИЕ К2О НЕ МЕНЕЕ 50%. В ВИДЕ КРИСТАЛЛИЧЕСКОГО ПОРОШКА (2-5 ММ.), ПРИМЕНЯЕТСЯ В СЕЛЬCКОМ ХОЗЯЙСТВЕ.. СПОСОБ РАСФАСОВКИ: 100 МЕШКОВ ПО 50 КГ. НА 5 ПОДДОНАХ; 16 БИГ БЭГОВ ПО 1000 КГ. КОЛИЧЕСТВЕННЫЙ И КАЧЕСТВЕННЫЙ СОСТАВ: СОДЕРЖАНИЕ К2О НЕ МЕНЕЕ 50% ГОСТ Р 51520-99, ТУ 20.15.52-004-63727772-17 :","{
  ""массовая доля"": [],
  ""прочее"": [
    {
      ""параметр"": ""стандарт"",
      ""значение"": ""ГОСТ Р 51520-99""
    }
  ]
}","{'массовая доля': [], 'прочее': [{'параметр': 'стандарт', 'значение': 'ГОСТ Р 51520-99'}]}",True
"УДОБРЕНИЕ ПРЕДСТАВЛЯЕТ СОБОЙ МНОГОКОМПОНЕНТНЫЙ ОРГАНО-НЕОРГАНИЧЕСКИЙ ПРОДУКТ ПРИРОДНО-БИОЛОГИЧЕСКОГО ПРОИСХОЖДЕНИЯ НА ОСНОВЕ ГУМИНОВЫХ ВЕЩЕСТВ, РАСТИТЕЛЬНОГО ПРОИСХОЖДЕНИЯ С ВНЕСЕННЫМИ/ДОБАВЛЕННЫМИ МИКРО-И МАКРОЭЛЕМЕНТАМИ ОБЛАДАЮЩИМ ПОЛИФУНКЦИОНАЛЬН ЫМИ СВОЙСТВАМИ. КАЧЕСТВЕННЫЙ И КОЛИЧЕСТВЕННЫЙ :СОСТАВ: 80,0 МАС. % СОЛИ ГУМИНОВЫХ КИСЛОТ (В ТОМ ЧИСЛЕ: NA – 6,1 МАС. %, K – 6,3 МАС. %), А ТАКЖЕ ПРИСУТСТВУЮТ МИНЕРАЛЬНЫЕ КОМПОНЕНТЫ (SI, CA, FE, S, AL, CU, ZN, MN, MG, MO) И ВЛАГА. СОДЕРЖАНИЕ АЗОТА – 1,0 МАС. %. РАСФАСОВАН В ПАКЕТАХ ПО 50 Г.","{
  ""массовая доля"": [],
  ""прочее"": []
}","{'массовая доля': [], 'прочее': []}",True
"УДОБРЕHИЯ МИНЕРАЛЬНЫЕ ИЛИ ХИМИЧЕСКИЕ ПРОЧИЕ, СОДЕРЖАЩИЕ ДВА ПИТАТЕЛЬНЫХ ЭЛЕМЕНТА: АЗОТ И ФОСФОР. КОМПЛЕКСНОЕ АЗОТНО-ФОСФОРНОЕ МИНЕРАЛЬНОЕ УДОБРЕНИЕ, СЕРОСОДЕРЖАЩЕЕ, СУЛЬФОАММОФОС МАРКА Б, МАССОВАЯ ДОЛЯ ОБЩЕГО АЗОТА В ПЕРЕСЧЕТЕ НА АЗОТ (N) - 20+/-1 %, МАССОВАЯ ДОЛЯ ОБЩИХ ФОСФАТОВ В ПЕРЕСЧЕТЕ НА Р2О5 - 20+/-1 %, МАССОВАЯ ДОЛЯ СУЛЬФАТНОЙ СЕРЫ В ПЕРЕСЧЕТЕ НА S - 13+/-1 %, ВНЕШНИЙ ВИД: ГРАНУЛИРОВАННЫЙ ПРОДУКТ ОТ БЕЛОГО ДО СЕРОГО ЦВЕТА С РАЗЛИЧНЫМИ ОТТЕНКАМИ, БЕЗ УПАКОВКИ","{
  ""массовая доля"": [],
  ""прочее"": [
    {
      ""параметр"": ""марка"",
      ""значение"": ""null""
    }
  ]
}","{'массовая доля': [], 'прочее': [{'параметр': 'марка', 'значение': 'null'}]}",True
"УДОБРЕНИЕ МИНЕРАЛЬНОЕ NPK(S) 12:32:16(1), АЗОТНО-ФОСФОРНО-КАЛИЙНОЕ СЕРОСОДЕРЖАЩЕЕ. МАССОВАЯ ДОЛЯ ОБЩЕГО АЗОТА- 12+/-1%; МАССОВАЯ ДОЛЯ ФОСФАТОВ, РАСТВОРИМЫХ В НЕЙТРАЛЬНОМ РАСТВОРЕ ЦИТРАТА АММОНИЯ (P2O5)- 32+/-1%; МАССОВАЯ ДОЛЯ КАЛИЯ В ПЕРЕСЧЕТЕНА K2 НА K2O - 16+/-1%; МАССОВАЯ ДОЛЯ СУЛЬФАТНОЙ СЕРЫ В ПЕРЕСЧЕТЕ НА S - НЕ МЕНЕЕ 1%. :","{
  ""массовая доля"": [],
  ""прочее"": [
    {
      ""параметр"": ""стандарт"",
      ""значение"": ""null""
    }
  ]
}","{'массовая доля': [], 'прочее': [{'параметр': 'стандарт', 'значение': 'null'}]}",True
"НИТРОАММОФОСКА. СЛОЖНОЕ АЗОТНО-ФОСФОРНО-КАЛИЙНОЕ УДОБРЕНИЕ. ГРАНУЛИРОВАННЫЙ ПРОДУКТ БЕЗ МЕХАНИЧЕСКИХ ПРИМЕСЕЙ С СОДЕРЖАНИЕМ МАССОВОЙ ДОЛИ АЗОТА 16%, ФОСФОРА 16%, КАЛИЯ 16%. :","{
  ""массовая доля"": [],
  ""прочее"": []
}","{'массовая доля': [], 'прочее': []}",True
"СУЛЬФАТ АММОНИЯ КРИСТАЛЛИЧЕСКИЙ (УДОБРЕНИЕ), ТУ 2181-073-05761695-2016, 22000.00.КГ НЕ ДЛЯ ВОЕННОГО ПРИМЕНЕНИЯ. СУЛЬФАТ АММОНИЯ КРИСТАЛЛИЧЕСКИЙ (УДОБРЕНИЕ),","{
  ""массовая доля"": [],
  ""прочее"": [
    {
      ""параметр"": ""масса нетто единицы"",
      ""масса"": ""22000.00"",
      ""единица"": ""КГ""
    },
    {
      ""параметр"": ""стандарт"",
      ""значение"": ""null""
    }
  ]
}","{'массовая доля': [], 'прочее': [{'параметр': 'масса нетто единицы', 'масса': '22000.00', 'единица': 'КГ'}, {'параметр': 'стандарт', 'значение': 'null'}]}",True
"ВОДОРАСТВОPИМЫЕ NPK УДОБРЕНИЯ. СЛОЖНОЕ НЕОРГАНИЧЕСКОЕ АЗОТНО-ФОСФОРНО(ФОСФАТНО)-КАЛИЙНОЕ УДОБРЕНИЕ С ДОБАВЛЕНИЕМ МИКРОЭЛЕМЕНТОВ В ВИДЕ ХЕЛАТОВ МЕТАЛЛОВ. ПРЕДНАЗНАЧЕННО ДЛЯ ПРИМЕНЕНИЯ В КАЧЕСТВЕ МИНЕРАЛЬНОГО УДОБРЕНИЯ В СЕЛЬСКОМ ХОЗЯЙСТВЕ. МАССОВАЯ ДОЛЯ, НЕ МЕНЕЕ: АЗОТ - 20%; ФОСФОР В ПЕРЕСЧЕТЕ НА Р2О5 - 20%; КАЛИЯ В ПЕРЕСЧЁТЕ НА К2О - 20%. РАСФАСОВАН В МЕШКИ ПО 25КГ. СЛОЖНОЕ НЕОРГАНИЧЕСКОЕ АЗОТНО-ФОСФОРНО(ФОСФАТНО)-КАЛИЙНОЕ УДОБРЕНИЕ С ДОБАВЛЕНИЕМ МАГНИЯ И МИКРОЭЛЕМЕНТОВ В ВИДЕ ХЕЛАТОВ МЕТАЛЛОВ. ПРЕДНАЗНАЧЕННО ДЛЯ ПРИМЕНЕНИЯ В КАЧЕСТВЕ МИНЕРАЛЬНОГО УДОБРЕНИЯ В СЕЛЬСКОМ ХОЗЯЙСТВЕ. МАССОВАЯ ДОЛЯ, НЕ МЕНЕЕ: АЗОТ - 18%; ФОСФОР В ПЕРЕСЧЕТЕ НА Р2О5 - 18%; КАЛИЯ В ПЕРЕСЧЁТЕ НА К2О - 18%, МАГНИЙ В ПЕРЕСЧЕТЕ НА MGO - 3%. РАСФАСОВАН В МЕШКИ ПО 25КГ. СЛОЖНОЕ НЕОРГАНИЧЕСКОЕ АЗОТНО-ФОСФОРНО(ФОСФАТНО)-КАЛИЙНОЕ УДОБРЕНИЕ С ДОБАВЛЕНИЕМ МИКРОЭЛЕМЕНТОВ В ВИДЕ ХЕЛАТОВ МЕТАЛЛОВ. ПРЕДНАЗНАЧЕННО ДЛЯ ПРИМЕНЕНИЯ В КАЧЕСТВЕ МИНЕРАЛЬНОГО УДОБРЕНИЯ В СЕЛЬСКОМ ХОЗЯЙСТВЕ. МАССОВАЯ ДОЛЯ, НЕ МЕНЕЕ: АЗОТ - 13%; ФОСФОР В ПЕРЕСЧЕТЕ НА Р2О5 - 40%; КАЛИЯ В ПЕРЕСЧЁТЕ НА К2О - 13%.РАСФАСОВАН В МЕШКИ ПО 25КГ. СЛОЖНОЕ НЕОРГАНИЧЕСКОЕ АЗОТНО-ФОСФОРНО(ФОСФАТНО)-КАЛИЙНОЕ УДОБРЕНИЕ С ДОБАВЛЕНИЕМ МАГНИЯ И МИКРОЭЛЕМЕНТОВ В ВИДЕ ХЕЛАТОВ МЕТАЛЛОВ. ПРЕДНАЗНАЧЕННО ДЛЯ ПРИМЕНЕНИЯ В КАЧЕСТВЕ МИНЕРАЛЬНОГО УДОБРЕНИЯ В СЕЛЬСКОМ ХОЗЯЙСТВЕ. МАССОВАЯ ДОЛЯ, НЕ МЕНЕЕ: АЗОТ - 12%; ФОСФОР В ПЕРЕСЧЕТЕ НА Р2О5 - 8%; КАЛИЯ В ПЕРЕСЧЁТЕ НА К2О - 31%, МАГНИЙ В ПЕРЕСЧЕТЕ НА MGO - 2%. РАСФАСОВАН В МЕШКИ ПО 25КГ.","{
  ""массовая доля"": [],
  ""прочее"": [
    {
      ""параметр"": ""марка"",
      ""значение"": ""null""
    }
  ]
}","{'массовая доля': [], 'прочее': [{'параметр': 'марка', 'значение': 'null'}]}",True
"АЗОТОФОСФАТ;СЛОЖНОЕ АЗОТНО-ФОСФОРНОЕ МИНЕРАЛЬНОЕ УДОБРЕНИЕ;ГРАНУЛИРОВАННЫЙ ПРОДУКТ БЕЗ МЕХАНИЧЕСКИХ ПРИМЕСЕЙ С СОДЕРЖАНИЕМ МАССОВОЙ ДОЛИ АЗОТА 33% В ПЕРЕСЧЕТЕ НА СУХОЙ БЕЗВОДНЫЙ ПРОДУКТ,ФОСФАТОВ НЕ МЕНЕЕ 3% :","{
  ""массовая доля"": [],
  ""прочее"": []
}","{'массовая доля': [], 'прочее': []}",True
"СУЛЬФАТ АММОНИЯ КРИСТАЛЛИЧЕСКИЙ СОДЕРЖАЩИЙ 21 МАС.% АЗОТА В ПЕРЕСЧЕТЕ НА  СУХОЙ ПРОДУКТ.  ПРЕДНАЗНАЧЕН ДЛЯ ИСПОЛЬЗОBАНИЯ В СЕЛЬСКОМ ХОЗЯЙСТВЕ, В ТОМ ЧИСЛЕ В ЛИЧНЫХ ПОДСОБНЫХ ХОЗЯЙСТВАХ И ФЕРМЕРСКИХ ХОЗЯЙСТВАХ В КАЧЕСТВЕ МИНЕРАЛЬНОГО УДОБРЕНИЯ. ТУ 2181-060-00205311-2014. :","{
  ""массовая доля"": [],
  ""прочее"": [
    {
      ""параметр"": ""стандарт"",
      ""значение"": ""null""
    }
  ]
}","{'массовая доля': [], 'прочее': [{'параметр': 'стандарт', 'значение': 'null'}]}",True
"СОЛИ ДВОЙНЫЕ И СМЕСИ НИТРАТА КАЛЬЦИЯ И НИТРАТА АММОНИЯ, УДОБРЕНИЕ ДЛЯ ВОССТАНОВЛЕНИЯ ПОЧВЫ, СТИМУЛЯЦИИ РОСТА И ПИТАНИЯ РАСТЕНИЙ, ПРИМЕНЯЕТСЯ В СЕЛЬСКОМ ХОЗЯЙСТВЕ В КАЧЕСТВЕ ФОСФОРНО- КАЛИЙНОГО УДОБРEНИЯ ПОДКОРМКИ РАСТЕНИЙ. НЕ ДЛЯ ВЕТЕРИНАРИИ, НЕ ИСПОЛЬЗУЕТСЯ В ФАРМАЦЕВТИЧЕСКИХ ЦЕЛЯХ НЕ ЯВЛЯЕТСЯ НАРКОТИЧЕСКИМ, ПСИХОТРОПНЫМ ВЕЩЕСТВОМ, НЕ ЯВЛЯЕТСЯ ПИЩЕВОЙ ДОБАВКОЙ: АММОНИЙ КАЛЬЦИЙ НИТРАТ МАРКА А 25 КГ","{
  ""массовая доля"": [],
  ""прочее"": [
    {
      ""параметр"": ""стандарт"",
      ""значение"": ""null""
    },
    {
      ""параметр"": ""марка"",
      ""значение"": ""null""
    }
  ]
}","{'массовая доля': [], 'прочее': [{'параметр': 'стандарт', 'значение': 'null'}, {'параметр': 'марка', 'значение': 'null'}]}",True
"УДОБРЕНИЕ АЗОТНО-КАЛИЙНОЕ. ПРИМЕНЯЕТСЯ В СЕЛЬСКОМ ХОЗЯЙСТВЕ И ЛИЧНЫХ ПОДСОБНЫХ ХОЗЯЙСТВАХ В КАЧЕСТВЕ УДОБРЕНИЯ. ПОЛУЧАЮТ НЕЙТРАЛИЗАЦИЕЙ АММИАКОМ АЗОТНОЙ КИСЛОТЫ С ДОБАВЛЕНИЕМ КАЛИЙ-СОДЕРЖАЩЕГО КОМПОНЕНТА. МАССОВАЯ ДОЛЯ, НЕ МЕНЕЕ: ОБЩЕГО АЗОТА - 17%; КАЛИЯ В ПЕРЕСЧЕТЕ НА К2О - 28%. ПОСТАВЛЯЕТСЯ НАСЫПЬЮ В ТРЮМЫ МОРСКОГО СУДНА","{
  ""массовая доля"": [],
  ""прочее"": [
    {
      ""параметр"": ""стандарт"",
      ""значение"": ""null""
    }
  ]
}","{'массовая доля': [], 'прочее': [{'параметр': 'стандарт', 'значение': 'null'}]}",True
"УДОБРЕНИЕ ЖИДКОЕ КОМПЛЕКСНОЕ (ЖКУ) МАРКИ 11:37 (РАСТВОР ПОЛИФОСФАТА АММОНИЯ), СОДЕРЖАЩЕЕ АЗОТ И ФОСФОР. МАССОВАЯ ДОЛЯ АММОНИЙНОГО АЗОТА (N) - НЕ МЕНЕЕ 11%; МАССОВАЯ ДОЛЯ ОБЩИX ФОСФАТОВ (P2O5) - НЕ МЕНЕЕ 37%. :","{
  ""массовая доля"": [],
  ""прочее"": []
}","{'массовая доля': [], 'прочее': []}",True
"УДОБРЕНИЯ МИНЕРАЛЬНЫЕ ИЛИ ХИМИЧЕСКИЕ, СОДЕРЖAЩИЕ ТРИ ПИТАТЕЛЬНЫХ ЭЛЕМЕНТА: АЗОТ, ФОСФОР, КАЛИЙ, С СОДЕРЖАНИЕМ АЗОТА БОЛЕЕ 10 МАС.% АЗОТА В ПЕРЕСЧЕТЕ НА СУХОЙ БЕЗВОДНЫЙ ПРОДУКТ. УДОБРЕНИЕ КОМПЛЕКСНОЕ ВОДОРАСТВОРИМОЕ МАРКА СТАРТ 13:40:13 +МЭ, МАССОВАЯ ДОЛЯ N-13+/-2%, Р2О5-40+/-2%, К2О-13+/-2%, МИКРОЭЛЕМЕНТЫ (МЭ): B-НЕ МЕНЕЕ 0,02%, CU-НЕ МЕНЕЕ 0,01%, FE-НЕ МЕНЕЕ 0,1%, MN-НЕ МЕНЕЕ 0,05%, MO-НЕ МЕНЕЕ 0,01%, ZN-НЕ МЕНЕЕ 0,01%, ВНЕШНИЙ ВИД: СМЕСЬ ПОРОШКА С ГРАНУЛАМИ, РАСФАСОВАНО В МЕШКАХ ПО 25 КГ. МЕШКИ УЛОЖЕНЫ НА ПОДДОНЫ ПО 40 МЕШКОВ НА 1 ПОДДОН И ОБМОТАНЫ ПЛЕНКОЙ, КОЛИЧЕСТВО - 1840 МЕШКОВ НА 46 ПОДДОНАХ","{
  ""массовая доля"": [],
  ""прочее"": [
    {
      ""параметр"": ""марка"",
      ""значение"": ""null""
    }
  ]
}","{'массовая доля': [], 'прочее': [{'параметр': 'марка', 'значение': 'null'}]}",True
"ОРГАНИЧЕСКОЕ УДОБРЕНИЕ НА ОСНОВЕ НАТРИЕВЫХ СОЛЕИ ГУМИНОВЫХ КИСЛОТ: ОСНОВНЫМ ДЕЙСТВУЮЩИМ ВЕЩЕСТВОМ УДОБРЕНИЯ ЯВЛЯЮТСЯ НАТРИЕВЫЕ СОЛИ ГУМИНОВЫХ КИСЛОТ (ГУМАТЫ НАТРИЯ). УДОБРЕНИЕ ПРИМЕНЯЕТСЯ В СЕЛЬСКОМ ХОЗЯЙСТВЕ. КОММУНАЛЬНОМ ХОЗЯЙСТВЕ И ЛИЧНЫХ ПОДСОБНЫХ ХОЗЯЙСТВАХ В КАЧЕСТВЕ ГУМИНОВОГО УДОБРЕНИЯ ДЛЯ НЕКОРНЕВОЙ И КОРНЕВОЙ ПОДКОРМКИ ВЕГЕТИРУЮЩИХ РАСТЕНИЙ. ДЛЯ ПРЕДПОСЕВНОЙ (ПРЕДПОСАДОЧНОЙ) ОБРАБОТКИ СЕ-МЯН (ПОСАДОЧНОГО МАТЕРИАЛА) И ПОЛИВА ПОЧВЫ. УДОБРЕНИЕ РАЗРЕШЕНО К ПРИМЕНЕНИЮ ВО ВСЕХ ПОЧВЕННО-КЛИМАТИЧЕСКИХ ЗОНАХ РОССИЙСКОЙ ФЕДЕРАЦИИ. В КАЧЕСТВЕ СЫРЬЯ ДЛЯ ПРОИЗВОДСТВА УДОБРЕНИЙ ДОЛЖНЫ ПРИМЕНЯТЬСЯ: - БУРЫЙ УГОЛЬ ИЛИ ЕГО ОТХОДЫ (БОЙ. КРОШКА) С СОДЕРЖАНИЕМ ГУМИНОВЫХ КИСЛОТ НЕ МЕНЕЕ 45 % (В ПЕРЕСЧЕТЕ НА СУХОЕ ВЕЩЕСТВО) И ВЛАЖНОСТЬЮ НЕ БОЛЕЕ 38%; - НАТРИЯ ГИДРООКИСЬ ПО ГОСТ 4328 ИЛИ ГОСТ Р 55064; - КИСЛОТА БОРНАЯ ГОСТ 18704; - ВОДА ВОДОПРОВОДНАЯ. ГУМИ-30 УНИВЕРСАЛ, ПАСТА, 300 Г/УПАК.","{
  ""массовая доля"": [],
  ""прочее"": [
    {
      ""параметр"": ""стандарт"",
      ""значение"": ""null""
    }
  ]
}","{'массовая доля': [], 'прочее': [{'параметр': 'стандарт', 'значение': 'null'}]}",True
"НИТРАТ КАЛЬЦИЯ 2-ВОДНЫЙ (КАЛЬЦИЕВАЯ СЕЛИТРА) МАРКА А, 5CA(NO3)2XNH4NO3X10H2O,ТОВАРНЫЙ ЗНАК ""БУЙСКИЕ УДОБРЕНИЯ"", ТУ 2181-073-32496445-2013. НАИМЕНОВАНИЕ ПОКАЗАТЕЛЕЙ:МАС.ДОЛЯ КАЛЬЦИЯ,CA,%,НЕ МЕНЕЕ- 19.7; НИТРАТ.,N,%,НЕ МЕНЕЕ- 14.2; МАС.ДОЛЯ НЕРАСТВ. В ВОДЕ ОСТАТКА,%, НЕ БОЛЕЕ- 0.03 - 6000 КГ (300 П/Э МЕШ. ПО 20 КГ, ВЕС П/Э МЕШ.- 60 КГ), УЛОЖЕННЫЕ НА 6 ПОДДОН, ЗАТЯНУТЫЕ СТРЕЙЧ-ПЛЕНКОЙ, ВЕСОМ 162 КГ, ГРАНУЛЫ ПОЛУСФЕРИЧЕСКОЙ ФОРМЫ ОТ БЕЛОГО ДО ЖЕЛТОВАТОГО ЦВЕТА, ПРИМЕНЯЕТСЯ КАК АЗОТНОКАЛЬЦИЕВОЕ УДОБРЕНИЕ","{
  ""массовая доля"": [],
  ""прочее"": [
    {
      ""параметр"": ""стандарт"",
      ""значение"": ""ТУ 2181-073-32496445-2013""
    }
  ]
}","{'массовая доля': [], 'прочее': [{'параметр': 'стандарт', 'значение': 'ТУ 2181-073-32496445-2013'}]}",True
"СУЛЬФАТ АММОНИЯ КРИСТАЛЛИЧЕСКИЙ ( УДОБРЕНИЕ), ТУ 2181-073-05761695-2016,140980.00 КГ, 2 Ж/Д ВАГОНА. НЕ ДЛЯ ВОЕННОГО ПРИМЕНЕНИЯ. :","{
  ""массовая доля"": [],
  ""прочее"": [
    {
      ""параметр"": ""масса нетто единицы"",
      ""масса"": ""140980.00"",
      ""единица"": ""КГ""
    },
    {
      ""параметр"": ""стандарт"",
      ""значение"": ""ТУ 2181-073-05761695-2016""
    }
  ]
}","{'массовая доля': [], 'прочее': [{'параметр': 'масса нетто единицы', 'масса': '140980.00', 'единица': 'КГ'}, {'параметр': 'стандарт', 'значение': 'ТУ 2181-073-05761695-2016'}]}",True
"КАЛИЙ СЕРНОКИСЛЫЙ (СУЛЬФАТ КАЛИЯ). ВЫСОКОКОНЦЕНТРИРОВАННОЕ БЕСХЛОРНОЕ УДОБРЕНИЕ. ПРИМЕНЯЕТСЯ НА ВСЕХ ПОЧВАХ И ПОД ВСЕ КУЛЬТУРЫ, ОСОБЕННО ПОД ЧУВСТВИТЕЛЬНЫЕ К ХЛОРУ (ТAБАК, ЦИТРУСОВЫЕ, ВИНОГРАД, КАРТОФЕЛЬ И ДРУГИЕ). НОМЕР ГОСУДАРСТВЕННОЙ РЕГИСТРАЦИИ 6 05-10-2558-1. НЕ ОТХОДЫ КАЛИЙ СЕРНОКИСЛЫЙ (СУЛЬФАТ  КАЛИЯ)25 КГ","{
  ""массовая доля"": [],
  ""прочее"": [
    {
      ""параметр"": ""стандарт"",
      ""значение"": ""null""
    },
    {
      ""параметр"": ""марка"",
      ""значение"": ""null""
    }
  ]
}","{'массовая доля': [], 'прочее': [{'параметр': 'стандарт', 'значение': 'null'}, {'параметр': 'марка', 'значение': 'null'}]}",True
"УДОБРЕНИЯ ЖИДКИЕ ГУMИНОВЫЕ НА ОСНОВЕ ТОРФА МАРКИ ""В"" ОБЩИМ КОЛИЧЕСТВОМ 470КГ, В ПОЛИЭТИЛЕНОВЫХ КАНИСТРАХ МАССОЙ БРУТТО 9.4КГ, ВСЕГО 50 КАНИСТР НА 1 ПАЛЛЕТЕ. УДОБРЕНИЕ ЖИДКОЕ ГУМИНОВОЕ НА ОСНОВЕ ТОРФА МАРКИ ""В""","{
  ""массовая доля"": [],
  ""прочее"": [
    {
      ""параметр"": ""масса нетто единицы"",
      ""масса"": 50,
      ""единица"": ""канистр""
    },
    {
      ""параметр"": ""марка"",
      ""значение"": ""В""
    }
  ]
}","{'массовая доля': [], 'прочее': [{'параметр': 'масса нетто единицы', 'масса': 50, 'единица': 'канистр'}, {'параметр': 'марка', 'значение': 'В'}]}",True
"НИТРОАММОФОСКА (АЗОФОСКА), УДОБРЕНИЕ МИHЕРАЛЬНОЕ , СОДЕРЖАЩЕЕ ТРИ ПИТАТЕЛЬНЫХ ЭЛЕМЕНТА - АЗОТ-16%, ФОСФОР-16%,КАЛИЙ-16% В МЕШКАХ ПО 50 КГ. :","{
  ""массовая доля"": [],
  ""прочее"": [
    {
      ""параметр"": ""стандарт"",
      ""значение"": ""null""
    }
  ]
}","{'массовая доля': [], 'прочее': [{'параметр': 'стандарт', 'значение': 'null'}]}",True
"НИТРОАММОФОСКА. СЛОЖНОЕ НЕОРГАНИЧЕСКОЕ АЗОТНО-ФОСФОРНО(ФОСФАТНО)-КАЛИЙНОЕ УДОБРЕНИЕ, ПРЕДНАЗНАЧЕННОЕ ДЛЯ ПРИМЕНЕНИЯ В КАЧЕСТВЕ МИНЕРАЛЬНОГО УДОБРЕНИЯ В СЕЛЬСКОМ И ЛИЧНОМ ПОДСОБНОМ ХОЗЯЙСТВАХ. МАССОВАЯ ДОЛЯ, НЕ МЕНЕЕ: ОБЩЕГО АЗОТА - 16%; ОБЩИХ ФОСФАТОВ - 16%; КАЛИЯ В ПЕРЕСЧЁТЕ НА К2О - 16%.","{
  ""массовая доля"": [],
  ""прочее"": []
}","{'массовая доля': [], 'прочее': []}",True
"НИТРАТ НАТРИЯ (НАТРИЙ АЗОТНОКИСЛЫЙ ТЕХНИЧЕСКИЙ, НАТРИЕВАЯ СЕЛИТРА):ПРЕДСТАВЛЯЕТ СОБОЙ БЕЛЫЕ ПРОЗРАЧНЫЕ КРИСТАЛЛЫ С СЕРОВАТЫМ ИЛИ ЖЕЛТОВАТЫМ ОТТЕНКОМ:СОДЕРЖАНИЕ АЗОТА 16,4%:ПРИМЕНЯЕТСЯ ДЛЯ ТРАВЛЕНИЯ МЕТАЛЛОВ, СПЛАВЛЕНИЯ КУСКОВЫХ ОТХОДОВ ВОЛЬФРАМА,О ОСВЕТЛЕНИЯ ТЕХНИЧЕСКИХ СТЕКОЛ. РАСФАСОВАНО В МЕШКАХ ПО 25 КГ, МЕШКИ УЛОЖЕНЫ НА ДЕРЕВЯННЫЕ ПОДДОНЫ ПО 40 МЕШКОВ НА ОДИН ПОДДОН И ОБМОТАНЫ ПЛЕНКОЙ. КОЛИЧЕСТВО 880 МЕШКОВ НА 22 ПОДДОНАХ. :","{
  ""массовая доля"": [],
  ""прочее"": [
    {
      ""параметр"": ""количество мешков"",
      ""количество"": 880,
      ""единица"": ""мешков""
    },
    {
      ""параметр"": ""стандарт"",
      ""значение"": ""null""
    }
  ]
}","{'массовая доля': [], 'прочее': [{'параметр': 'количество мешков', 'количество': 880, 'единица': 'мешков'}, {'параметр': 'стандарт', 'значение': 'null'}]}",True
"СУЛЬФАТ АМMОНИЯ, НАСЫПЬЮ. ВНЕШНИЙ ВИД: БЕЛЫЕ ИЛИ ПРОЗРАЧНЫЕ КРИСТАЛЛЫ. МАССОВАЯ ДОЛЯ АЗОТА В ПЕРЕСЧЕТЕ НА СУХОЕ ВЕЩЕСТВО: 21%. ИСПОЛЬЗУЕТСЯ В СЕЛЬСКОМ ХОЗЯЙСТВЕ В КАЧЕСТВЕ АЗОТНОГО УДОБРЕНИЯ.. :","{
  ""массовая доля"": [],
  ""прочее"": [
    {
      ""параметр"": ""стандарт"",
      ""значение"": ""null""
    }
  ]
}","{'массовая доля': [], 'прочее': [{'параметр': 'стандарт', 'значение': 'null'}]}",True
"НИТРАТ КАЛЬЦИЯ КОНЦЕНТРИРОВАННЫЙ. ГРАНУЛИРОВАННЫЙ ПРОДУКТ БЕЛ.ЦВЕТА С СОД.МАС.ДОЛИ ОБЩ.АЗОТА 17%, АММОНИЙНОГО АЗОТА НЕ БОЛ.0,5%,КАЛЬЦИЯ НЕ МЕН.32%. ПРИМ-СЯ В С/Х, В РОЗН.ПРОДАЖE В КАЧ.МИН.УДОБРЕНИЯ.. :","{
  ""массовая доля"": [],
  ""прочее"": [
    {
      ""параметр"": ""стандарт"",
      ""значение"": ""null""
    }
  ]
}","{'массовая доля': [], 'прочее': [{'параметр': 'стандарт', 'значение': 'null'}]}",True
"УДОБРЕНИЕ ПРЕДСТАВЛЯЕТ СОБОЙ ОРГАНОМИНЕРАЛЬНОЕ (БОРОГУМИНОВОЕ) УДОБРЕНИЕ. ДЛЯ ПРИМЕНЕНИЯ В САДОВОДСТВЕ. УДОБРЕНИЕ ОБЕСПЕЧИВАЕТ МОЩНОЕ РАЗВИТИЕ КОРНЕВОЙ СИСТЕМЫ И НАДЗЕМНОЙ ЧАСТИ РАСТЕНИЙ. ПРИ НЕДОСТАТКЕ БОРА ПРОИСХОДИТ ВЕРХУШЕЧНЫЙ ОЖОГ РАСТЕНИЯ, ОСТАНАВЛИВАЮТСЯ РОСТ И РАЗВИТИЕ. ОБЛАДАЕТ КОМПЛЕКСОМ ДОПОЛНИТЕЛЬНЫХ ЗАЩИТНЫХ СВОЙСТВ. ОСНОВНЫМ ДЕЙСТВУЮЩИМ ВЕЩЕСТВОМ УДОБРЕНИЯ ГУМИ ЯВЛЯЮТСЯ НАТРИЕВЫЕ СОЛИ ГУМИНОВЫХ КИСЛОТ (ГУМАТЫ НАТРИЯ). УДОБРЕНИЕ ПРИМЕНЯЕТСЯ В С/Х, КОММУНАЛЬНОМ ХОЗ-ВЕ И ЛИЧНЫХ ПОДСОБНЫХ ХОЗЯЙСТВАХ В КАЧЕСТВЕ ГУМИНОВОГО УДОБРЕНИЯ ДЛЯ НЕКОРНЕВОЙ И КОРНЕВОЙ ПОДКОРМКИ ВЕГЕТИРУЮЩИХ РАСТЕНИЙ, ДЛЯ ПРЕДПОСЕВНОЙ (ПРЕДПОСАДОЧНОЙ) ОБРАБОТКИ СЕМЯН (ПОСАДОЧНОГО МАТЕРИАЛА) И ПОЛИВА ПОЧВЫ. УДОБРЕНИЕ РАЗРЕШЕНО К ПРИМЕНЕНИЮ ВО ВСЕХ ПОЧВЕННО-КЛИМАТИЧЕСКИХ ЗОНАХ РФ. ГУМИ - УДОБРЕНИЕ ПРЕДСТАВЛЯЕТ СОБОЙ ОРГАНОМИНЕРАЛЬНОЕ (БОРОГУМИНОВОЕ) УДОБРЕНИЕ. ДЛЯ ПРИМЕНЕНИЯ В САДОВОДСТВЕ. УДОБРЕНИЕ ОБЕСПЕЧИВАЕТ МОЩНОЕ РАЗВИТИЕ КОРНЕВОЙ СИСТЕМЫ И НАДЗЕМНОЙ ЧАСТИ РАСТЕНИЙ. ПРИ НЕДОСТАТКЕ БОРА ПРОИСХОДИТ ВЕРХУШЕЧНЫЙ ОЖОГ РАСТЕНИЯ, ОСТАНАВЛИВАЮТСЯ РОСТ И РАЗВИТИЕ. ОБЛАДАЕТ КОМПЛЕКСОМ ДОПОЛНИТЕЛЬНЫХ ЗАЩИТНЫХ СВОЙСТВ. ОСНОВНЫМ ДЕЙСТВУЮЩИМ ВЕЩЕСТВОМ УДОБРЕНИЯ ГУМИ ЯВЛЯЮТСЯ НАТРИЕВЫЕ СОЛИ ГУМИНОВЫХ КИСЛОТ (ГУМАТЫ НАТРИЯ). УДОБРЕНИЕ ПРИМЕНЯЕТСЯ В С/Х, КОММУНАЛЬНОМ ХОЗ-ВЕ И ЛИЧНЫХ ПОДСОБНЫХ ХОЗЯЙСТВАХ В КАЧЕСТВЕ ГУМИНОВОГО УДОБРЕНИЯ ДЛЯ НЕКОРНЕВОЙ И КОРНЕВОЙ ПОДКОРМКИ ВЕГЕТИРУЮЩИХ РАСТЕНИЙ, ДЛЯ ПРЕДПОСЕВНОЙ (ПРЕДПОСАДОЧНОЙ) ОБРАБОТКИ СЕМЯН (ПОСАДОЧНОГО МАТЕРИАЛА) И ПОЛИВА ПОЧВЫ. УДОБРЕНИЕ РАЗРЕШЕНО К ПРИМЕНЕНИЮ ВО ВСЕХ ПОЧВЕННО-КЛИМАТИЧЕСКИХ ЗОНАХ РФ. ОРГАНОМИНЕРАЛЬНОЕ ГУМИ-30 УНИВЕРСАЛ, ПАСТА, 300 ГР ОРГАНОМИНЕРАЛЬНОЕ ГУМИ-20 УНИВЕРСАЛ, ЖИДКОСТЬ 0.5 Л ОРГАНОМИНЕРАЛЬНОЕ ГУМИ-20 КАЛИЙНЫЙ 0.5 Л","{
  ""массовая доля"": [],
  ""прочее"": [
    {
      ""параметр"": ""стандарт"",
      ""значение"": ""null""
    }
  ]
}","{'массовая доля': [], 'прочее': [{'параметр': 'стандарт', 'значение': 'null'}]}",True
"ОРГАНИЧЕСКОЕ УДОБРЕНИЕ РАСТИТЕЛЬНОГО ПРОИСХОЖДЕНИЯ НА ОСНОВЕ ГУМИНОВЫХ И ФУЛЬВОВЫХ КИСЛОТ ПРИРОДНОГО (РАСТИТЕЛЬНОГО) ПРОИСХОЖДЕНИЯ, СРЕДСТВО ДЛЯ АГРОТЕХНИЧЕСКОЙ ОБРАБОТКИ СЕМЯН И РАССАДЫ.. ПРЕДНАЗНАЧЕНО ДЛЯ ПОВЫШЕНИЯ ПЛОДОРОДИЯ ПОЧВ, УРОЖАЙНОСТИ, КАЧЕСТВА И ЧИСТОТЫ ПРОДУКЦИИ РАСТЕНИЕВОДСТВА, БЕЗ СПИРТА, НЕ ОТХОДЫ, НЕ ДЛЯ ВЕТЕРИНАРИИ.РАСФАСОВАНО В ПЛАСТИКОВЫЕ БУТЫЛКИ. ЦИТОГУМАТ, МАРКА Б (УНИВЕРСАЛЬНЫЙ) 1 Л (БУТЫЛКА)","{
  ""массовая доля"": [],
  ""прочее"": [
    {
      ""параметр"": ""марка"",
      ""значение"": ""null""
    }
  ]
}","{'массовая доля': [], 'прочее': [{'параметр': 'марка', 'значение': 'null'}]}",True
"НИТРОАММОФОСКА(АЗОФОCКА),УДОБРЕНИЕ МИНЕРАЛЬНОЕ,СОДЕРЖАЩЕЕ ТРИ ПИТАТЕЛЬНЫХ ЭЛЕМЕНТА - АЗОТ-16%, ФОСФОР-16%,КАЛИЙ-16%,НАСЫПЬЮ. :","{
  ""массовая доля"": [],
  ""прочее"": []
}","{'массовая доля': [], 'прочее': []}",True
"КОМПЛЕКСНОЕ ВОДОРАСТВОРИМОЕ УДОБРЕНЕ, ПРЕДНАЗНАЧЕНО ДЛЯ ПИТАНИЯ РАСTЕНИЙ НА ВСЕХ ФАЗАХ РОСТА, ИСПОЛЬЗУЕТСЯ В СЕЛЬСКОМ И ЛИЧНОМ ПОДСОБНЫХ ХОЗЯЙСТВАХ. НЕ СОДЕРЖАТ ЯДОВИТЫХ И ОПАСНЫХ ВЕШЕСТВ. СОДЕРЖАЩИЕ ТРИ ПИТАТЕЛЬНЫХ ЭЛЕМЕНТА: АЗОТ, ФОСФОР И КАЛИЙ (С СОДЕРЖАНИЕМ АЗОТА БОЛЕЕ 10 МАС.% В ПЕРЕСЧЕТЕ НА СУХОЙ БЕЗВОДНЫЙ ПРОДУКТ). НОМЕР ГОСУДАРСТВЕННОЙ РЕГИСТРАЦИИ ПЕСТИЦИДА ИЛИ АГРОХИМИКАТА 276-11-1072-1: КОМПЛЕКСНОЕ ВОДОРАСТВОРИМОЕ УДОБРЕНИЕ: УНИВЕРСАЛ 20:20:20+МЭ. СОСТАВ (МАССОВАЯ ДОЛЯ ЭЛЕМЕНТОВ ПИТАНИЯ) АЗОТ-20%, ФОСФАТЫ-20%, КАЛИЙ-20%, БОР-0.02%, МЕДЬ-0.01%, ЖЕЛЕЗО-0.1%, МАРГАНЕЦ-0.05%, МОЛИБДЕН 0.01%, ЦИНК-0,01%. В МЕШКАХ ПО 25КГ","{
  ""массовая доля"": [],
  ""прочее"": [
    {
      ""параметр"": ""стандарт"",
      ""значение"": ""null""
    }
  ]
}","{'массовая доля': [], 'прочее': [{'параметр': 'стандарт', 'значение': 'null'}]}",True
"НИТРОАММОФОСКА (АЗОФОСКА), УДОБРЕНИЕ МИНЕРАЛЬНОЕ , СОДЕРЖАЩЕЕ ДВА ПИТАТЕЛЬНЫХ ЭЛЕМЕНТА - АЗОТ-20%,ФОСФОР-20%, В МКР ПО 1000 КГ. :","{
  ""массовая доля"": [],
  ""прочее"": [
    {
      ""параметр"": ""стандарт"",
      ""значение"": ""null""
    }
  ]
}","{'массовая доля': [], 'прочее': [{'параметр': 'стандарт', 'значение': 'null'}]}",True
"АММОНИЙ КАЛЬЦИЙ НИТРАТ (ДВОЙНЫЕ СOЛИ И СМЕСИ НИТРАТА КАЛЬЦИЯ И НИТРАТА АММОНИЯ),АГРОХИМИКАТ, МАССОВАЯ ДОЛЯ ОБЩЕГО АЗОТА 15.5%, В МЕШКАХ ПО 25 КГ, УЛОЖЕННЫЕ НА ПОДДОНЫ ,ЗАКРЕПЛЕННЫЕ СВЕРХУ ТЕРМОУСАДОЧНОЙ ПЛЕНКОЙ . ВЕС ПОДДОНА 18 КГ., ОБЩИЙ ВЕС БРУТТО ОРИЕНТИРОВОЧНО 597888 КГ. :","{
  ""массовая доля"": [],
  ""прочее"": [
    {
      ""параметр"": ""стандарт"",
      ""значение"": ""null""
    }
  ]
}","{'массовая доля': [], 'прочее': [{'параметр': 'стандарт', 'значение': 'null'}]}",True
"УДОБРЕНИЕ КОПЛЕКСНОЕ NPKS 6:18:34 (2) ТУ 20.15.71-001-40782188-2021 НАСЫПЬ, БЕЗ МИКРОЭЛЕМЕНТОB, ГРАНУЛИРОВАННОЕ. ПОКАЗАТЕЛИ: ВНЕШНИЙ ВИД СООТВЕТСТВУЕТ, МАССОВАЯ ДОЛЯ ОБЩЕГО АЗОТА (N ОБЩ) - 5.6%, МАССОВАЯ ДОЛЯ ОБЩИХ ФОСФАТОВ В ПЕРЕСЧЕТЕ НА Р2О5 - 17.5%, МАССОВАЯ ДОЛЯ КАЛИЯ В ПЕРЕСЧЕТЕ НА К2О - 34.0%, МАССОВАЯ ДОЛЯ ВОДЫ, %, НЕ БОЛЕЕ - 1.6%, МАССОВАЯ ДОЛЯ СУЛЬФАТНОЙ СЕРЫ В ПЕРЕСЧЕТЕ НА S,%, НЕ МЕНЕЕ - 2.3%, ГРАНУЛОМЕТРИЧЕСКИЙ СОСТАВ.МАССОВАЯ ДОЛЯ ЧАСТИЦ РАЗМЕРОМ:МЕНЕЕ 1 ММ - 0%, ОТ 1 ДО 5 ММ - 98%, МЕНЕЕ 6 ММ - 100%, МАССОВАЯ ДОЛЯ ПРИМЕСЕЙ ТОКСИЧНЫХ ЭЛЕМЕНТОВ, В ТОМ ЧИСЛЕ РТУТИ, СВИНЦА, МЫШЬЯКА, КАДМИЯ, МГ/КГ - СООТВЕТСТВУЕТ, СТАТИЧЕСКАЯ ПРОЧНОСТЬ ГРАНУЛ, МПА, НЕ МЕНЕЕ - 5.3 МПА, РАССЫПЧАТОСТЬ - 100%","{
  ""массовая доля"": [],
  ""прочее"": [
    {
      ""параметр"": ""стандарт"",
      ""значение"": ""ТУ 20.15.71-001-40782188-2021""
    }
  ]
}","{'массовая доля': [], 'прочее': [{'параметр': 'стандарт', 'значение': 'ТУ 20.15.71-001-40782188-2021'}]}",True
"НАТРИЙ АЗОТНОКИСЛЫЙ (НИТРАТ НАТРИЯ) Ч, ПРОЗРАЧНЫЕ БЕСЦВЕТНЫЕ КРИСТАЛЛЫ ИЛИ КРИСТАЛЛИЧЕСКИЙ ПОРОШОК БЕЛОГО ЦВЕТА, СОДЕРЖАНИЕ ОСН.ВЕЩ-ВА НЕ МЕНЕЕ 99,8% (ФАКТИЧ;СОДЕРЖ;99.81%), 40 П/П МЕШКОВ ПО 25 КГ, ВЕС БРУТТО С ПОДДОНОМ 1024 КГ, ГОСТ 4168-79, ИЗМ.1 , НЕ ЯВЛЯЕТСЯ УДОБРЕНИЕМ, ИСП. КАК РЕАКТИВ В ПИЩЕВОЙ, МЕТАЛЛООБРАБАТЫВАЮЩЕЙ, СТЕКОЛЬНОЙ ПРОМ-СТИ :","{
  ""массовая доля"": [],
  ""прочее"": [
    {
      ""параметр"": ""стандарт"",
      ""значение"": ""ГОСТ 4168-79, ИЗМ.1""
    },
    {
      ""параметр"": ""марка"",
      ""значение"": ""null""
    }
  ]
}","{'массовая доля': [], 'прочее': [{'параметр': 'стандарт', 'значение': 'ГОСТ 4168-79, ИЗМ.1'}, {'параметр': 'марка', 'значение': 'null'}]}",True
"УДОБРЕНИЯ МИНЕРАЛЬНЫЕ,СОДЕРЖАЩИЕ ТРИ ПИТАТЕЛЬНЫХ ЭЛЕМЕНТА: АЗОТ,ФОСФОР,КАЛИЙ. УДОБРЕНИЕ АЗОТНО-ФОСФОРНО-КАЛИЙНОЕ МАРКА NPKS-8 (NPK 8:20:30), МАССОВАЯ ДОЛЯ N - 8+/-1%, Р2О5 - 20+/-1%, К2О - 30+/-1%, S - НЕ МЕНЕЕ 2%, ВНЕШНИЙ ВИД: ГРАНУЛИРОВАННЫЙ ПРОДУКТ ОТ БЕЛОГО ДО СЕРОГО ИЛИ РОЗОВОГО ЦВЕТА С РАЗЛИЧНЫМИ ОТТЕНКАМИ, НАСЫПЬ, БЕЗ УПАКОВКИ","{
  ""массовая доля"": [],
  ""прочее"": [
    {
      ""параметр"": ""марка"",
      ""значение"": ""NPKS-8""
    }
  ]
}","{'массовая доля': [], 'прочее': [{'параметр': 'марка', 'значение': 'NPKS-8'}]}",True
"НИТРАТ КАЛИЯ (КАЛИЙ АЗОТНОКИСЛЫЙ), ТОВАРНЫЙ ЗНАК ""БУЙСКИЕ УДОБРЕНИЯ"", ТУ 2181-064-32496445-2009. НАИМЕНОВАНИЕ ПОКАЗАТЕЛЕЙ:МАС. ДОЛЯ КАЛИЯ В ПЕРЕСЧЕТЕ НА K2O,%, НЕ МЕНЕЕ- 46.2; МАС. ДОЛЯ АЗОТА, N,%, НЕ МЕНЕЕ- 13.8; МАС. ДОЛЯ АНТИСЛЕЖИВАТЕЛЯ (СУЛЬФОНАТА НАТРИЯ),%, НЕ МЕНЕЕ - 0.09; МАС. ДОЛЯ ВЛАГИ, %, НЕ БОЛЕЕ - 0.1; МАС. ДОЛЯ НЕРАСТВ. В ВОДЕ ОСТАТКА,%, НЕ БОЛЕЕ- 0.02 - 3000 КГ (150 П/Э МЕШ. ПО 20 КГ, ВЕС П/Э МЕШ.- 30 КГ), УЛОЖЕННЫЕ НА 3 ПОДДОНА, ВЕСОМ 105 КГ, ЗАТЯНУТЫЕ СТРЕЙЧ-ПЛЁНКОЙ, КРИСТАЛЛЫ ОТ БЕЛОГО ДО ЖЕЛТОВАТО-СЕРОГО ЦВЕТА. ПРИМЕНЯЕТСЯ В СЕЛЬСКОМ ХОЗЯЙСТВЕ В КАЧЕСТВЕ УДОБРЕНИЙ.","{
  ""массовая доля"": [],
  ""прочее"": [
    {
      ""параметр"": ""стандарт"",
      ""значение"": ""ТУ 2181-064-32496445-2009""
    }
  ]
}","{'массовая доля': [], 'прочее': [{'параметр': 'стандарт', 'значение': 'ТУ 2181-064-32496445-2009'}]}",True
"УДОБРЕНИЯ МИНЕРАЛЬНЫЕ ИЛИ ХИМИЧЕСКИЕ, СОДЕРЖАЩИЕ ДВА ПИТАТЕЛЬНЫХ ЭЛЕМЕНТА: АЗОТ И ФОСФОР (АЗОТНО-ФОСФОРНОЕ УДОБРЕНИЕ МАРКИ NP(S) 14:40(7)), ТУ2186-687-00209438-08, НИТРАТЫ ОТСУТСТBУЮТ.. :","{
  ""массовая доля"": [],
  ""прочее"": []
}","{'массовая доля': [], 'прочее': []}",True
"УДОБРЕHИЯ МИНЕРАЛЬНЫЕ ИЛИ ХИМИЧЕСКИЕ, СОДЕРЖАЩИЕ ТРИ ПИТАТЕЛЬНЫХ ЭЛЕМЕНТА: АЗОТ, ФОСФОР, КАЛИЙ. УДОБРЕНИЕ АЗОТНО-ФОСФОРНО-КАЛИЙНОЕ МАРКА NPK-1 (ДИАММОФОСКА) 10:26:26, МАССОВАЯ ДОЛЯ N-10+/-1%, Р2О5-26+/-1%, К2О-26+/-1%, ВНЕШНИЙ ВИД: ГРАНУЛИРОВАННЫЙ ПРОДУКТ ОТ БЕЛОГО ДО СЕРОГО ИЛИ РОЗОВОГО ЦВЕТА С РАЗЛИЧНЫМИ ОТТЕНКАМИ, БЕЗ УПАКОВКИ","{
  ""массовая доля"": [],
  ""прочее"": [
    {
      ""параметр"": ""стандарт"",
      ""значение"": ""null""
    },
    {
      ""параметр"": ""марка"",
      ""значение"": ""NPK-1 (Диамофоска)""
    }
  ]
}","{'массовая доля': [], 'прочее': [{'параметр': 'стандарт', 'значение': 'null'}, {'параметр': 'марка', 'значение': 'NPK-1 (Диамофоска)'}]}",True
"ФОСФОРНЫЕ УДОБРЕНИЯ: МУКА ФОСФОРИТНАЯ - МИНЕРАЛЬНОЕ ФОСФОРНОЕ УДОБРЕНИЕ. ФОСФОРИТНУЮ МУКУ ПОЛУЧАЮТ ПРИ ТОНКОМ РАЗМОЛЕ ФОСФОРИТОВ - ОСАДОЧНЫХ ГОРНЫХ ПОРОД, ОБРАЗОВАННЫХ В ОСНОВНОМ МИНЕРАЛАМИ ГРУППЫ АПАТИТА. ВНЕШНИЙ ВИД - МЕЛКИЕ ЧАСТИЦЫ СВЕТЛО-КОРИЧНЕВОГО ОТТЕНКА, МАССОВАЯ ДОЛЯ ПЕНТОКСИДА ФОСФОРА, - 30,0%, МАССОВАЯ ДОЛЯ ОКСИДА МАГНИЯ, - 1,1%, МАССОВАЯ ДОЛЯ ВОДЫ, - 1,0%, МАССОВАЯ ДОЛЯ ДВУОКИСИ УГЛЕРОДА (СО2), - 7,18%, МАССОВАЯ ДОЛЯ AL2O3, - 0,16%, МАССОВАЯ ДОЛЯ FE2O2, - 0,19%, МАССОВАЯ ДОЛЯ SO3, - 0,45%, МАССОВАЯ ДОЛЯ CAO, - 47,4%, МАССОВАЯ ДОЛЯ F, - 3,4%, МАССОВАЯ ДОЛЯ SIO2 (КИСЛОРАСТВОРИМЫЙ), - 8,29%. ТОВАР ОТГРУЖАЕТСЯ В МЕШКАХ ПО 1000 КГ.","{
  ""массовая доля"": [],
  ""прочее"": []
}","{'массовая доля': [], 'прочее': []}",True
"УДОБРЕНИЕ АЗОТНО-ФОСФОРНО-КАЛИЙНОЕ (NPK-УДОБРЕНИЕ) С МИKРОЭЛЕМЕНТАМИ. МИНЕРАЛЬНОЕ АЗОТНО-ФОСФОРНО-КАЛИЙНОЕ УДОБРЕНИЕ С ДОБАВЛЕНИЕМ МАГНИЯ,СЕРЫ И МИКРОЭЛЕМЕНТОВ, ПРЕДНАЗНАЧЕННОЕ ДЛЯ ПРИМЕНЕНИЯ В КАЧЕСТВЕ МИНЕРАЛЬНОГО УДОБРЕНИЯ В СЕЛЬСКОМ И ЛИЧНОМ ПОДСОБНОМ ХОЗЯЙСТВАХ. МАССОВАЯ ДОЛЯ, НЕ МЕНЕЕ: ОБЩЕГО АЗОТА - 19%; ОБЩИХ ФОСФАТОВ - 4%; КАЛИЯ В ПЕРЕСЧЁТЕ НА К2О - 19%, МАГНИЙ В ПЕРЕСЧЕТЕ НА MGO - НЕ МЕНЕЕ - 0,5%, СЕРА СУЛЬФАТНАЯ В ПРЕСЧЕТЕ НА S НЕ МЕНЕЕ - 1%. НАСЫПЬ.","{
  ""массовая доля"": [],
  ""прочее"": []
}","{'массовая доля': [], 'прочее': []}",True
"УДОБРЕНИЯ МИНЕРАЛЬНЫЕ,С СОДЕРЖАНИЕМ АЗОТА БОЛЕЕ 10%МАС.В ПЕРЕСЧЕТЕ НА СУХОЙ БЕЗВОДНЫЙ ПРОДУКТ,СОДЕРЖАЩИЕ ТРИ ПИТАТЕЛЬНЫХ ЭЛЕМЕНТА-АЗОТ,ФОСФОР И КАЛИЙ, НИТРОАММОФОСКА(АЗОФОСКА) МАРКИ NPK 19-9-19 НАВАЛОМ, С СОДЕРЖАНИЕМ АЗОТА 19%МАС., ФОСФОРА 9%МАС.,КАЛ ИЙ 19%МАC ТУ 20.15.71-033-00206486-2017 :","{
  ""массовая доля"": [],
  ""прочее"": []
}","{'массовая доля': [], 'прочее': []}",True
"НИТРОАММОФОСКА (АЗОФОСКА), УДОБРЕНИЕ МИНЕРАЛЬНОЕ , СОДЕРЖАЩЕЕ ТРИ ПИТАТЕЛЬНЫХ ЭЛЕМЕНТА (NPK) - АЗОТ-19%, ФОСФОР-9 ,КАЛИЙ-19% НАСЫПЬЮ. :","{
  ""массовая доля"": [],
  ""прочее"": [
    {
      ""параметр"": ""стандарт"",
      ""значение"": ""null""
    }
  ]
}","{'массовая доля': [], 'прочее': [{'параметр': 'стандарт', 'значение': 'null'}]}",True
"АММОНИЙ КАЛЬЦИЙ НИТРАТ (МАРКА А ПРЕМИУМ), АЗОТНО-КАЛЬЦИЕВОЕ УДОБРЕНИЕ МИНЕРАЛЬНОЕ, СОДЕРЖАЩЕЕ ПИТАТЕЛЬHЫЕ ЭЛЕМЕНТЫ - АЗОТ-НЕ МЕНЕЕ 15.5%, ОКСИД КАЛЬЦИЯ - НЕ МЕНЕЕ 26.6%, ТОВАР РАЗМЕЩЕН В МЕШКИ И ДОПОЛНИТЕЛЬНЫМ КРЕПЛЕНИЕМ 376 КГ, ВЕС БРУТТО СКРЕПЛЕНИЕ КРЕПЛЕНИЕМ 131384.000 КГ. ПРЕДНАЗНАЧЕН ДЛЯ ИСПОЛЬЗОВАНИЯ В СЕЛЬСКОХОЗЯЙСТВЕННОМ ПРОИЗВОДСТВЕ В КАЧЕСТВЕ УДОБРЕНИЙ, ПОСТАВЛЯЕТСЯ В ГРАНУЛАХ БЕЛОГО ЦВЕТА ИЛИ СЛЕГКА ОКРАШЕННЫЕ БЕЗ МЕХАНИЧЕСКИХ ПРИМЕСЕЙ, РАЗМЕРОМ ОТ 2 ДО 4 ММ. УПАКОВАННЫЕ В ПОЛИПРОПИЛЕННОВЫЕ МЕШКИ ОБЪЕМОМ 25КГ.","{
  ""массовая доля"": [],
  ""прочее"": []
}","{'массовая доля': [], 'прочее': []}",True
"УДОБРЕНИЕ АЗОТНО-КАЛИЙНОЕ. ПРИМЕНЯЕТСЯ В СЕЛЬСКОМ ХОЗЯЙСТВЕ И ЛИЧНЫХ ПОДСОБНЫХ ХОЗЯЙСТВАХ В КАЧЕСТВЕ УДОБРЕНИЯ. ПОЛУЧАЮТ НЕЙТРАЛИЗАЦИЕЙ АММИАКОМ АЗОТНОЙ КИСЛОТЫ С ДОБАВЛЕНИЕМ КАЛИЙ-СОДЕРЖАЩЕГО КОМПОНЕНТА. МАССОВАЯ ДОЛЯ, НЕ МЕНЕЕ: ОБЩЕГО АЗОТА - 21%; КАЛИЯ В ПЕРЕСЧЕТЕ НА К2О - 21%.","{
  ""массовая доля"": [],
  ""прочее"": [
    {
      ""параметр"": ""стандарт"",
      ""значение"": ""null""
    }
  ]
}","{'массовая доля': [], 'прочее': [{'параметр': 'стандарт', 'значение': 'null'}]}",True
"УДОБРЕНИЕ МИНЕРАЛЬНОЕ NPK(S) 12:32:16(1), АЗОТНО-ФОСФОРНО-КАЛИЙНОЕ СЕРОСОДЕРЖАЩЕЕ. МАССОВАЯ ДОЛЯ ОБЩЕГО АЗОТА - 12+/-1%; МАССОВAЯ ДОЛЯ ФОСФАТОВ, РАСТВОРИМЫХ В НЕЙТРАЛЬНОМ РАСТВОРЕ ЦИТРАТА АММОНИЯ (P2O5) - 32+/-1%; МАССОВАЯ ДОЛЯ КАЛИЯ В ПЕРЕСЧЕТЕ НА K2O - 16+/-1%; МАССОВАЯ ДОЛЯ СУЛЬФАТНОЙ СЕРЫ В ПЕРЕСЧЕТЕ НА S - НЕ МЕНЕЕ 1%. ЦВЕТ СВЕТЛО-КОРИЧНЕВЫЙ. :","{
  ""массовая доля"": [],
  ""прочее"": [
    {
      ""параметр"": ""стандарт"",
      ""значение"": ""null""
    },
    {
      ""параметр"": ""марка"",
      ""значение"": ""null""
    }
  ]
}","{'массовая доля': [], 'прочее': [{'параметр': 'стандарт', 'значение': 'null'}, {'параметр': 'марка', 'значение': 'null'}]}",True
"ОРГАНИЧЕСКОЕ ГУМИНОВОЕ УДОБРЕНИЕ В ВИДЕ ЖИДКОЙ СУСПЕНЗИИ, СОДЕРЖАЩЕЙ ГУМУС, БЕЗ ЗАПАХА, ЛЕГКО ТЕКУЧАЯ, ОТ СВЕТЛО-ЖЕЛТОГО ДО ТЕМНО-КОРИЧНЕВОГО ЦВЕТА, ПРИМЕНЯЕТСЯ ДЛЯ КОМПЛЕКСНЫХ ОБРАБОТОК РАСТЕНИЙ НА ВСЕХ СТАДИЯХ РОСТА ПОСЕВНОГО И ПОСАДОЧНОГОМАТЕРИАЛА МАТЕРИАЛА, ВЕГЕТИРУЮЩИХ РАСТЕНИЙ. УПАКОВАНО И РАСФАСОВАНО В ПОТРЕБИТЕЛЬСКУЮ ТАРУ (КАНИСТРЫ) ОБЪЕМОМ 5Л. ЭДЕМ (EDEM ORGANICS) ЖИДКОЕ ГУМИНОВОЕ УДОБРЕНИЕ. УДОБРЕНИЕ ПОЛУЧЕНО ПУТЕМ МИКРОБИОЛОГИЧЕСКОГО РАЗЛОЖЕНИЯ ТОРФА В КОНЦЕНТРИРОВАННОМ ВОДНОМ РАСТВОРЕ ГИДРОКСИДА КАЛИЯ. СОСТАВ: СОДЕРЖАНИЕ ОРГАНИЧЕСКОГО ВЕЩЕСТВА (В ПЕРЕРАСЧЕТЕ НА МАССОВУЮ ДОЛЮ СУХОГО ВЕЩЕСТВА) - НЕ МЕНЕЕ 3,7 +- 1,5%, СОДЕРЖАНИЕ ГУМИНОВЫХ КИСЛОТ (В ПЕРЕСЧЕТЕ НА МАССОВУЮ ДОЛЮ СУХОГО ВЕЩЕСТВА) - НЕ МЕНЕЕ 3,7 +- 1,5%, СОДЕРЖАНИЕ ВОДОРАСТВОРИМОЙ ФРАКЦИИ (В ПЕРЕСЧЕТЕ НА МАССОВУЮ ДОЛЮ СУХОГО ВЕЩЕСТВА) - НЕ МЕНЕЕ 3,7 +- 1,5%, СОДЕРЖАНИЕ МИКРОЭЛЕМЕНТОВ (В ПЕРЕРАСЧЕТЕ НА МАССОВУЮ ДОЛЮ ВЕЩЕСТВА), НЕ МЕНЕЕ: ОБЩЕГО АЗОТА (N) - 3,5%, ОБЩЕГО ФОСФОРА (P) - 20%, ОБЩЕГО КАЛИЯ (К) - 13%. РАСФАСОВАНО В КАНИСТРЫ ЕМКОСТЬЮ 5 ЛИТРОВ (БРУТТО-МАССА КАНИСТРЫ - 5750 ГРАММ (+- 20 ГР.)","{
  ""массовая доля"": [],
  ""прочее"": [
    {
      ""параметр"": ""марка"",
      ""значение"": ""null""
    }
  ]
}","{'массовая доля': [], 'прочее': [{'параметр': 'марка', 'значение': 'null'}]}",True
"СЕЛИТРА ИЗВЕСТКОВО-АММИАЧНАЯ ГРАНУЛИРОВАННАЯ. МИН.УДОБРЕНИЕ.ДВУХКОМПОНЕНТНЫЙ ПРОДУКТ БЕЛОГО ЦВЕТА С СОДЕРЖАНИЕМ МАС.ДОЛИ АЗОТА В СУХОМ ВЕЩ-ВЕ 27%, МАС.ДОЛИ УГЛЕКИСЛОГО КАЛЬЦИЯ 20%, КОТОРЫЙ ЯВЛ. РАСКИСЛИТЕЛЕМ И НЕ ЯВЛ.МИН.УДОБРЕНИЕМ :","{
  ""массовая доля"": [],
  ""прочее"": []
}","{'массовая доля': [], 'прочее': []}",True
"СУЛЬФАТ КАЛИЯ (СОРТ ЭКСТРА), ДЛЯ ТЕХНИЧЕСКОГО ИСПОЛЬЗОВАНИЯ. КРИСТАЛЛИЧЕСКИЙ РАССЫПЧАТЫЙ ПОРОШОК БЕЛОГО ЦВЕТА С ЖЕЛТОВАТЫМ ОТТЕНКОМ, НЕ СОДЕРЖАЩИЙ МЕХAНИЧЕСКИХ ПРИМЕСЕЙ,УПАКОВАННЫЙ В БИГ-БЕГИ ПО 1000КГ+-5%, МЕШКИ ПО 25 КГ +-5% ОБЩИЙ ВЕС БРУТТО СПАЛЛЕ ПАЛЛЕТАМИ 21540 КГ. СОСТАВ: МАССОВАЯ ДОЛЯ КАЛИЯ (К2О)-51.0%,SO4 - 51,0% ХЛОР(CI)-1.0%, ГИГРОСКОПИЧЕН. :","{
  ""массовая доля"": [],
  ""прочее"": []
}","{'массовая доля': [], 'прочее': []}",True
СУЛЬФАТ АММОНИЯ КРИСТАЛЛИЧЕСКИЙ СОДЕРЖАЩИЙ 21 МАС.% АЗОТА B ПЕРЕСЧЕТЕ НА СУХОЙ ПРОДУКТ ТУ 2181-060-00205311-2014.. :,"{
  ""массовая доля"": [],
  ""прочее"": [
    {
      ""параметр"": ""параметр"",
      ""значение"": 21,
      ""единица"": ""%""
    }
  ]
}","{'массовая доля': [], 'прочее': [{'параметр': 'параметр', 'значение': 21, 'единица': '%'}]}",True
"СУЛЬФАТ КАЛИЯ, КРИСТАЛЛИЧЕСКИЙ РАССЫПЧАТЫЙ ПОРОШОК БЕЛОГО ЦВЕТА С ЖЕЛТОВАТЫМ ОТТЕНКОМ, НЕ СОДЕРЖАЩИЙ МЕХАНИЧЕСКИХ ПРИМЕСЕЙ,УПАКОВАННЫЙ В БИГ-БЕГИ ПО 1000 КГ+5%, ВЕС БРУТТО С ПАЛЛЕТАМИ 21260 КГ,СОСТАВ: МАССОBАЯ ДОЛЯ КАЛИЯ (К2О)-50.0%,SO4 - 51,0% ХЛОР( CI)-1.0% ГИГРОСКОПИЧЕН. :","{
  ""массовая доля"": [],
  ""прочее"": [
    {
      ""параметр"": ""марка"",
      ""значение"": ""null""
    }
  ]
}","{'массовая доля': [], 'прочее': [{'параметр': 'марка', 'значение': 'null'}]}",True
"УДОБРЕНИЕ МИНЕРАЛЬНОЕ ГРАНУЛИРОВАHНОЕ NP (S) 20:20 (14), СОДЕРЖАЩЕЕ ДВА ПИТАТЕЛЬНЫХ ЭЛЕММЕНТА АЗОТ-20%, ФОСФОР-20%, В 65 БИГ-БЭГАХ, УДОБРЕНИЕ МИНЕРАЛЬНОЕ ГРАНУЛИРОВАННОЕ NP (S) 20:20 (14), СОДЕРЖАЩЕЕ ДВА ПИТАТЕЛЬНЫХ ЭЛЕММЕНТА АЗОТ-20%, ФОСФОР-20%, В 65 БИГ-БЭГАХ","{
  ""массовая доля"": [],
  ""прочее"": []
}","{'массовая доля': [], 'прочее': []}",True
"СУЛЬФАТ АММОНИЯ (КОМПАКТИРОВАHНЫЙ),УДОБРЕНИЕ, ТУ 2181-073-05761695-2016, 512000.00 КГ, 8 Ж/Д ВАГОНОВ НЕ ДЛЯ ВОЕННОГО ПРИМЕНЕНИЯ. :","{
  ""массовая доля"": [],
  ""прочее"": [
    {
      ""параметр"": ""масса нетто единицы"",
      ""масса"": ""512000.00"",
      ""единица"": ""кг""
    },
    {
      ""параметр"": ""стандарт"",
      ""значение"": ""null""
    }
  ]
}","{'массовая доля': [], 'прочее': [{'параметр': 'масса нетто единицы', 'масса': '512000.00', 'единица': 'кг'}, {'параметр': 'стандарт', 'значение': 'null'}]}",True
"УДОБРЕНИЯ МИНЕРАЛЬНЫЕ,С СОДЕРЖАНИЕМ АЗОТА БОЛЕЕ 10%МАС.В ПЕРЕСЧЕТЕ НА СУХОЙ БЕЗВОДНЫЙ ПРОДУКТ,СОДЕРЖАЩИЕ ТРИ ПИТАТЕЛЬНЫХ ЭЛЕМЕНТА-АЗОТ,ФОСФОР И КАЛИЙ, НИТРОАММОФОСКА(АЗОФОСКА) МАРКИ NPK 16-16-16 В БИГ-БЕГАХ ПО 1050 КГ., С СОДЕРЖАНИЕМ АЗОТА 16%МАС., Ф ОСФОРА 16%МАС.,КАЛИЙ 16%МАC ТУ 20.15.71-031-00206486-2023 :","{
  ""массовая доля"": [],
  ""прочее"": []
}","{'массовая доля': [], 'прочее': []}",True
"УДОБРЕНИЕ ЖИДКОЕ КОМПЛЕКСНОЕ (ЖКУ) МАРКИ 11:37,СОДЕРЖАЩЕЕ АЗОТ И ФОСФОР. МАССОВАЯ ДОЛЯ АММОНИЙНОГО АЗОТА (N) - НЕ МЕНЕЕ 11%; МАССОВАЯ ДОЛЯ ОБЩИХ ФОСФАТОВ (P2O5) - НЕ МЕНЕЕ 37%.. :","{
  ""массовая доля"": [],
  ""прочее"": []
}","{'массовая доля': [], 'прочее': []}",True
"СОЛИ ДВОЙНЫЕ И СМЕСИ НИТРAТА КАЛЬЦИЯ И НИТРАТА АММОНИЯ, УДОБРЕНИЕ ДЛЯ ВОССТАНОВЛЕНИЯ ПОЧВЫ, СТИМУЛЯЦИИ РОСТА И ПИТАНИЯ РАСТЕНИЙ, ПРИМЕНЯЕТСЯ В СЕЛЬСКОМ ХОЗЯЙСТВЕ В КАЧЕСТВЕ ФОСФОРНО- КАЛИЙНОГО УДОБРЕНИЯ ПОДКОРМКИ РАСТЕНИЙ. НЕ ДЛЯ ВЕТЕРИНАРИИ, НЕИСПОЛ ИСПОЛЬЗУЕТСЯ В ФАРМАЦЕВТИЧЕСКИХ ЦЕЛЯХ НЕ ЯВЛЯЕТСЯ НАРКОТИЧЕСКИМ, ПСИХОТРОПНЫМ ВЕЩЕСТВОМ, НЕ ЯВЛЯЕТСЯ ПИЩЕВОЙ ДОБАВКОЙ: АММОНИЙ КАЛЬЦИЙ НИТРАТ МАРКА А 25 КГ ВОДОРАСТВОРИМЫЙ НИТРАТ КАЛЬЦИЯ РАЗРАБОТАН ДЛЯ ПРИМЕНЕНИЯ В ТЕПЛИЦАХ ДЛЯ УДОБРЕНИЯ РАЗЛИЧНЫХ КУЛЬТУР. УЛУЧШАЕТ ЛЕЖКОСТЬ ПЛОДОВ, ПОВЫШАЕТ КАЧЕСТВО ТОМАТОВ, УВЕЛИЧИВАЕТ УСТОЙЧИВОСТЬ ПЛОДОВ К ВЕРШИННОЙ ГНИЛИ","{
  ""массовая доля"": [],
  ""прочее"": [
    {
      ""параметр"": ""стандарт"",
      ""значение"": ""null""
    },
    {
      ""параметр"": ""марка"",
      ""значение"": ""А 25""
    }
  ]
}","{'массовая доля': [], 'прочее': [{'параметр': 'стандарт', 'значение': 'null'}, {'параметр': 'марка', 'значение': 'А 25'}]}",True
"СУЛЬФАТ КАЛИЯ, ДЛЯ ТЕХНИЧЕСКОГО ИСПОЛЬЗОВАНИЯ:КРИСТАЛЛИЧЕСКИЙ РАССЫПЧАТЫЙ ПОРОШОК БЕЛОГО ЦВЕТА С ЖЕЛТОВАТЫМ ОТТЕНКОМ, НЕ СОДЕРЖАЩИЙ МЕХАНИЧЕСКИХ ПРИМЕСЕЙ,УПАКОВАННЫЙ В БИГ-БЕГИ ПО 1000 КГ+5%:СОСТАВ: МАССОВАЯ ДОЛЯ КАЛИЯ (К2О)-50.0%,SO4 - 52,5% ХЛОР( CI)-1.0% ГИГРОСКОПИЧЕН. :","{
  ""массовая доля"": [],
  ""прочее"": [
    {
      ""параметр"": ""стандарт"",
      ""значение"": ""null""
    },
    {
      ""параметр"": ""марка"",
      ""значение"": ""null""
    }
  ]
}","{'массовая доля': [], 'прочее': [{'параметр': 'стандарт', 'значение': 'null'}, {'параметр': 'марка', 'значение': 'null'}]}",True
"АГРОХИМИКАТ ВОДОРАСТВОРИМЫЙ NPK УДОБРЕНИЯ МАРКИ: 20-20-20+МЭ. ВЫВОЗИТСЯ ДЛЯ УДОБРЕНИЯ ДЕРЕВЬЕВ В ЯБЛОНЕВОМ САДУ. НЕ КУЛЬТУРНАЯ ЦЕННОСТЬ. НЕ ВОЕННОГО НАЗНАЧЕНИЯ. ДЛЯ ОБЩЕГРАЖДАНСКИХ ЦЕЛЕЙ.. ВОДОРАСТВОРИМЫЙ NPK УДОБРЕНИЯ МАРКИ: 20-20-20+МЭ. СОСТАВ:МАССОВАЯ ДОЛЯ ОБЩЕГО АЗОТА (N) - 20.0+-1%, МАССОВАЯ ДОЛЯ ФОСФАТОВ В ПЕРЕСЧЕТЕ НА P2O5 - 20+-1%, МАССОВАЯ ДОЛЯ КАЛИЯ В ПЕРЕСЧЕТЕ НА К2О2 - 20+-1%; МАССОВАЯ ДОЛЯ БОРА НЕ МЕНЕЕ - 0,02%, МАССОВАЯ ДОЛЯ МЕДИ НЕ МЕНЕЕ - 0,005%,МАССОВАЯ ДОЛЯ МАРГАНЦА НЕ МЕНЕЕ - 0,05%, МАССОВАЯ ДОЛЯ ЦИНКА НЕ МЕНЕЕ - 0,01%, МАССОВАЯ ДОЛЯ ЖЕЛЕЗА НЕ МЕНЕЕ - 0,07%, МАССОВАЯ ДОЛЯ МОЛИБДЕНА НЕ МЕНЕЕ - 0.004%","{
  ""массовая доля"": [],
  ""прочее"": [
    {
      ""параметр"": ""марка"",
      ""значение"": ""20-20-20+МЭ""
    }
  ]
}","{'массовая доля': [], 'прочее': [{'параметр': 'марка', 'значение': '20-20-20+МЭ'}]}",True
"УДОБРЕНИЯ МИНЕРАЛЬНЫЕ,ПРЕДСТАВЛЕННЫЕ В ТАБЛЕТКАХ И ДРУГИХ АНАЛОГИЧНЫХ ФОРМАХ,ОБРАБОТАННЫЕ И УПАКОВАННЫЕ В ИНДИВИДУАЛЬНУЮ ГЕРМИТИЧНУЮ ПЛАСТИКОВУЮ УПАКОВКУ ДЛЯ РОЗНИЧНОЙ ПРОДАЖИ МАССОЙ БРУТТО ДО 10КГ; : УДОБРЕНИЕ ЖИДКОЕ РОБИН ГРИН МИНЕРАЛЬНОЕ ДЛЯ ГОРТЕНЗИЙ 1Л. АЗОТ - 7%, ФОСФОР 3%, КАЛИЙ 9%, СЕРА 0,1%, ЖЕЛЕЗО 0,06%, МАРГАНЕЦ 0,06%, МЕДЬ 0,006%, ЦИНК 0,003%, БОР 0,006%, МОЛИБДЕН 0,0012%, КОБАЛЬТ - 0,0006% УДОБРЕНИЕ ЖИДКОЕ РОБИН ГРИН МИНЕРАЛЬНОЕ ДЛЯ РОЗ 1Л. АЗОТ - 7%, ФОСФОР 3%, КАЛИЙ 9%, СЕРА 0,1%, ЖЕЛЕЗО 0,06%, МАРГАНЕЦ 0,06%, МЕДЬ 0,006%, ЦИНК 0,003%, БОР 0,006%, МОЛИБДЕН 0,0012%, КОБАЛЬТ - 0,0006% УДОБРЕНИЕ ЖИДКОЕ ФАСКО КАЛИЙНАЯ СЕЛИТРА МИНЕРАЛЬНОЕ 500 МЛ. АЗОТ - 6%, ФОСФОР 4%, КАЛИЙ 8%, МЕДЬ 0,005%, ЦИНК 0,003%, БОР 0,006%, МОЛИБДЕН 0,004% УДОБРЕНИЕ ЖИДКОЕ ФАСКО КАРБАМИД МИНЕРАЛЬНОЕ 500 МЛ. УДОБРЕНИЕ ЖИДКОЕ ФАСКО ЦВЕТОЧНОЕ СЧАСТЬЕ МИНЕРАЛЬНОЕ ДЛЯ ОРХИДЕЙ 285 МЛ. АЗОТ - 3%, ФОСФОР 3%, КАЛИЙ 3 %, СЕРА 0,1%, ЖЕЛЕЗО 0,06%, МАРГАНЕЦ 0,06%, МЕДЬ 0,006%, ЦИНК 0,006%, БОР 0,006%, МОЛИБДЕН 0,0012%, КОБАЛЬТ - 0,0006% УДОБРЕНИЕ ЖИДКОЕ ФАСКО ЦВЕТОЧНОЕ СЧАСТЬЕ МИНЕРАЛЬНОЕ СТИМУЛИРУЮЩЕЕ ЦВЕТЕНИЕ 285 МЛ. АЗОТ - 4%, ФОСФОР 4%, КАЛИЙ 7%, СЕРА 0,1%, ЖЕЛЕЗО 0,06%, МАРГАНЕЦ 0,06%, МЕДЬ 0,006%, ЦИНК 0,006%, БОР 0,006%, МОЛИБДЕН 0,0012%, КОБАЛЬТ - 0,0006% УДОБРЕНИЕ ЖИДКОЕ ФАСКО ЦВЕТОЧНОЕ СЧАСТЬЕ ОРГАНОМИНЕРАЛЬНОЕ ДЛЯ ВСЕХ КОМНАТНЫХ 285 МЛ. АЗОТ - 4%, ФОСФОР 5%, КАЛИЙ 6%, ГУМИНОВЫЕ ВЕЩЕСТВА -1% УДОБРЕНИЕ СУХОЕ ФАСКО АММИАЧНАЯ СЕЛИТРА (НА ОСНОВЕ) МИНЕРАЛЬНОЕ 0,9КГ. МАССОВАЯ ДОЛЯ ПИТ ВЕЩЕСТВ: АЗОТ ОБЩИЙ - 33%, МАГНИЙ - 0,4%, МАРГАНЕЦ 0,06%, БОР 0,02%, МЕДЬ 0,01%, ЦИНК 0,02%, ЖЕЛЕЗО - 0,1% УДОБРЕНИЕ СУХОЕ ФАСКО БОРОФОСКА МИНЕРАЛЬНОЕ 1КГ. МАССОВАЯ ДОЛЯ ПИТ ВЕЩЕСТВ: УСВОЯЕМЫЕ ФОСФАТЫ - 9%, КАЛИЙ 14%, ОКСИД КАЛЬЦИЯ 19%, ОКСИД МАГНИЯ 1%, МАРГАНЕЦ 0,06%, БОР 0,02%, МЕДЬ 0,01%, ЦИНК 0,02%, ЖЕЛЕЗО 0,1% УДОБРЕНИЕ СУХОЕ ФАСКО 5М МИНЕРАЛЬНОЕ ДЛЯ ГАЗОНА ГРАНУЛИРОВАННОЕ 3 КГ. МАССОВАЯ ДОЛЯ ПИТ ВЕЩЕСТВ: АЗОТ 10%, ФОСФОР - 5%, КАЛИЙ 5%, КАЛЬЦИЙ 4,5%, МАГНИЙ 0,34% УДОБРЕНИЕ СУХОЕ ФАСКО ОРГАНОМИНЕРАЛЬНОЕ ДЛЯ ТОМАТОВ ГРАНУЛИРОВАННОЕ 0,9 КГ. СОСТАВ: N -7%, Р - 7%, К - 8%, В - 0,02%, MGО - 1%, CU- 0,01%, MN - 0,05%,ZN - 0,01%, ,FE - 0,16%, ОРГАНИЧ.ВЕЩЕСТВО - 11%, ГУМИНОВЫЕ ВЕЩЕСТВА - 0,5%","{
  ""массовая доля"": [],
  ""прочее"": []
}","{'массовая доля': [], 'прочее': []}",True
"ГРАНУЛИРОВАННАЯ УДОБРИТЕЛЬНАЯ СМЕСЬ ""БОРОФОСКА"" (ГРАНУЛЫ НЕПРАBИЛЬНОЙ ФОРМЫ,РАЗМ. 2-5 ММ)ТЕМНО-СЕРОГО ЦВЕТА С БУРЫМ ОТТЕНКОМ,ТУ 2183-003-35608560-2005,СОДЕРЖИТ ДВА ПИТАТЕЛЬНЫХ ЭЛЕМЕНТА ФОСФОР И КАЛИЙ, В ПОЛИПРОПИЛЕНОВЫХ МЕШКАХ ПО 25 КГ НЕТТО, НА ПОДДОНАХ. ПОЛУЧЕНА ИЗ ПРИРОДНОГО СЫРЬЯ ПУТЕМ СМЕШИВАНИЯ И ОКАТЫВАНИЯ, ИСПОЛЬЗУЕТСЯ В КАЧЕСТВЕ МИНЕРАЛЬНОГО ФОСФОРНО-КАЛИЙНОГО УДОБРЕНИЯ С ДОБАВКОЙ БОРА В СЕЛЬСКОМ И ЛИЧНОМ ПОДСОБНОМ ХОЗЯЙСТВАХ НА ВСЕХ ТИПАХ ПОЧВ, ПОД ВСЕ КУЛЬТУРЫ И КАК МЕЛИОРАНТ ДЛЯ РАСКИСЛЕНИЯ ПОЧВ, СОДЕРЖАНИЕ ЭЛЕМЕНТОВ: Р2О5- 10.8%,К2О-16.3%,B - 0.25%, ОКИСЬ КАЛЬЦИЯ САО - 20.4%, ОКИСЬ МАГНИЯ - MGO - 2%. ГРАНУЛИРОВАННАЯ УДОБРИТЕЛЬНАЯ СМЕСЬ ""БОРОФОСКА""","{
  ""массовая доля"": [],
  ""прочее"": [
    {
      ""параметр"": ""стандарт"",
      ""значение"": ""2183-003-35608560-2005""
    },
    {
      ""параметр"": ""марка"",
      ""значение"": ""null""
    }
  ]
}","{'массовая доля': [], 'прочее': [{'параметр': 'стандарт', 'значение': '2183-003-35608560-2005'}, {'параметр': 'марка', 'значение': 'null'}]}",True
"КАЛИЙ СЕРНОКИСЛЫЙ ОЧИЩЕННЫЙ (СУЛЬФАТ КАЛИЯ), K2SO4, ТОВАРНЫЙ ЗНАК ""БУЙСКИЕ УДОБРEНИЯ"", ТУ 2184-037-32496445-02. НАИМЕНОВАНИЕ ПОКАЗАТЕЛЕЙ: МАС. ДОЛЯ СОЛЕЙ КАЛИЯ В ПЕРЕСЧЕТЕ НА K2O,%, НЕ МЕНЕЕ- 53.0; МАС. ДОЛЯ НЕРАСТВ. В ВОДЕ ОСТАТКА,%, НЕ БОЛЕЕ- 0.05; МАС. ДОЛЯ ВОДЫ,%, НЕ БОЛЕЕ- 0.1 - 13000 КГ (650 П/Э МЕШ. ПО 20 КГ, ВЕС П/Э МЕШ.- 130 КГ), УЛОЖЕННЫЕ НА 13 ПОДДОНОВ, ЗАТЯНУТЫЕ СТРЕЙЧ-ПЛЕНКОЙ, ВЕСОМ 405 КГ, КРИСТАЛЛИЧЕСКИЙ ПОРОШОК ЖЕЛТОВАТОГО ЦВЕТА, ПРИМЕНЯЕТСЯ КАК КАЛИЙНОЕ УДОБРЕНИЕ.","{
  ""массовая доля"": [],
  ""прочее"": [
    {
      ""параметр"": ""стандарт"",
      ""значение"": ""ТУ 2184-037-32496445-02""
    }
  ]
}","{'массовая доля': [], 'прочее': [{'параметр': 'стандарт', 'значение': 'ТУ 2184-037-32496445-02'}]}",True
АГPОХИМИКАТ МОНОКАЛИЙФОСФАТ. УПАКОВАНО В 840 МЕШКОВ ПО 25 КГ НА 21 ДЕРЕВЯННЫХ ПОДДОНАХ. ВЕС ПОДДОНОВ 546 КГ.. МОНОКАЛИЙФОСФАТ АГРОХИМИКАТ,"{
  ""массовая доля"": [],
  ""прочее"": [
    {
      ""параметр"": ""стандарт"",
      ""значение"": ""null""
    }
  ]
}","{'массовая доля': [], 'прочее': [{'параметр': 'стандарт', 'значение': 'null'}]}",True
"НИТРАТ НАТРИЯ (НАТРИЙ АЗОТНОКИСЛЫЙ ТЕХНИЧЕСКИЙ, НАТРИЕВАЯ СЕЛИТРА). ПРЕДСТАВЛЯЕТ СОБОЙ БЕЛЫЕ ПРОЗРАЧНЫЕ КРИСТАЛЛЫ С СЕРОВАТЫМ ИЛИ ЖЕЛТОВАТЫМ ОТТЕНКОМ. СОДЕРЖАНИЕ АЗОТА 16,4%. ПРИМЕНЯЕТСЯ ДЛЯ ТРАВЛЕНИЯ МЕТАЛЛОВ, СПЛАВЛЕНИЯ КУСКОВЫX ОТХОДОВ ВОЛЬФРАМА,О ОСВЕТЛЕНИЯ ТЕХНИЧЕСКИХ СТЕКОЛ. РАСФАСОВАНО В МЕШКАХ ПО 25 КГ, МЕШКИ УЛОЖЕНЫ НА ДЕРЕВЯННЫЕ ПОДДОНЫ ПО 40 МЕШКОВ НА ОДИН ПОДДОН И ОБМОТАНЫ ПЛЕНКОЙ. КОЛИЧЕСТВО 800 МЕШКОВ НА 20 ПОДДОНАХ. :","{
  ""массовая доля"": [],
  ""прочее"": []
}","{'массовая доля': [], 'прочее': []}",True
